{"context":"NestFactory","level":"info","message":"Starting Nest application...","timestamp":"2026-04-19T13:43:07.989Z"}
{"context":"InstanceLoader","level":"info","message":"AppModule dependencies initialized","timestamp":"2026-04-19T13:43:07.990Z"}
{"context":"InstanceLoader","level":"info","message":"TypeOrmModule dependencies initialized","timestamp":"2026-04-19T13:43:07.990Z"}
{"context":"InstanceLoader","level":"info","message":"PassportModule dependencies initialized","timestamp":"2026-04-19T13:43:07.991Z"}
{"context":"InstanceLoader","level":"info","message":"ThrottlerModule dependencies initialized","timestamp":"2026-04-19T13:43:07.991Z"}
{"context":"InstanceLoader","level":"info","message":"ConfigHostModule dependencies initialized","timestamp":"2026-04-19T13:43:07.992Z"}
{"context":"InstanceLoader","level":"info","message":"WinstonModule dependencies initialized","timestamp":"2026-04-19T13:43:07.992Z"}
{"context":"InstanceLoader","level":"info","message":"ConfigModule dependencies initialized","timestamp":"2026-04-19T13:43:07.993Z"}
{"context":"InstanceLoader","level":"info","message":"ConfigModule dependencies initialized","timestamp":"2026-04-19T13:43:07.993Z"}
{"context":"InstanceLoader","level":"info","message":"JwtModule dependencies initialized","timestamp":"2026-04-19T13:43:07.994Z"}
{"context":"InstanceLoader","level":"info","message":"TypeOrmCoreModule dependencies initialized","timestamp":"2026-04-19T13:43:07.994Z"}
{"context":"InstanceLoader","level":"info","message":"TypeOrmModule dependencies initialized","timestamp":"2026-04-19T13:43:07.994Z"}
{"context":"InstanceLoader","level":"info","message":"TypeOrmModule dependencies initialized","timestamp":"2026-04-19T13:43:07.994Z"}
{"context":"InstanceLoader","level":"info","message":"TypeOrmModule dependencies initialized","timestamp":"2026-04-19T13:43:07.995Z"}
{"context":"InstanceLoader","level":"info","message":"TypeOrmModule dependencies initialized","timestamp":"2026-04-19T13:43:07.995Z"}
{"context":"InstanceLoader","level":"info","message":"TypeOrmModule dependencies initialized","timestamp":"2026-04-19T13:43:07.995Z"}
{"context":"InstanceLoader","level":"info","message":"TypeOrmModule dependencies initialized","timestamp":"2026-04-19T13:43:07.996Z"}
{"context":"InstanceLoader","level":"info","message":"TypeOrmModule dependencies initialized","timestamp":"2026-04-19T13:43:07.996Z"}
{"context":"InstanceLoader","level":"info","message":"FaqModule dependencies initialized","timestamp":"2026-04-19T13:43:07.996Z"}
{"context":"InstanceLoader","level":"info","message":"TestimonialsModule dependencies initialized","timestamp":"2026-04-19T13:43:07.997Z"}
{"context":"InstanceLoader","level":"info","message":"CountriesModule dependencies initialized","timestamp":"2026-04-19T13:43:07.997Z"}
{"context":"InstanceLoader","level":"info","message":"UsersModule dependencies initialized","timestamp":"2026-04-19T13:43:07.997Z"}
{"context":"InstanceLoader","level":"info","message":"AuthModule dependencies initialized","timestamp":"2026-04-19T13:43:07.997Z"}
{"context":"InstanceLoader","level":"info","message":"ServicesModule dependencies initialized","timestamp":"2026-04-19T13:43:07.998Z"}
{"context":"InstanceLoader","level":"info","message":"OrdersModule dependencies initialized","timestamp":"2026-04-19T13:43:07.998Z"}
{"context":"InstanceLoader","level":"info","message":"PaymentsModule dependencies initialized","timestamp":"2026-04-19T13:43:07.998Z"}
{"context":"RoutesResolver","level":"info","message":"AuthController {/api/auth} (version: 1):","timestamp":"2026-04-19T13:43:07.999Z"}
{"context":"RouterExplorer","level":"info","message":"Mapped {/api/auth/register, POST} (version: 1) route","timestamp":"2026-04-19T13:43:07.999Z"}
{"context":"RouterExplorer","level":"info","message":"Mapped {/api/auth/login, POST} (version: 1) route","timestamp":"2026-04-19T13:43:07.999Z"}
{"context":"RouterExplorer","level":"info","message":"Mapped {/api/auth/refresh, POST} (version: 1) route","timestamp":"2026-04-19T13:43:08.000Z"}
{"context":"RouterExplorer","level":"info","message":"Mapped {/api/auth/forgot-password, POST} (version: 1) route","timestamp":"2026-04-19T13:43:08.000Z"}
{"context":"RouterExplorer","level":"info","message":"Mapped {/api/auth/reset-password, POST} (version: 1) route","timestamp":"2026-04-19T13:43:08.001Z"}
{"context":"RoutesResolver","level":"info","message":"UsersController {/api/users} (version: 1):","timestamp":"2026-04-19T13:43:08.002Z"}
{"context":"RouterExplorer","level":"info","message":"Mapped {/api/users/me, GET} (version: 1) route","timestamp":"2026-04-19T13:43:08.002Z"}
{"context":"RouterExplorer","level":"info","message":"Mapped {/api/users/me, PATCH} (version: 1) route","timestamp":"2026-04-19T13:43:08.002Z"}
{"context":"RouterExplorer","level":"info","message":"Mapped {/api/users, GET} (version: 1) route","timestamp":"2026-04-19T13:43:08.003Z"}
{"context":"RouterExplorer","level":"info","message":"Mapped {/api/users/:id, GET} (version: 1) route","timestamp":"2026-04-19T13:43:08.003Z"}
{"context":"RouterExplorer","level":"info","message":"Mapped {/api/users/:id, PATCH} (version: 1) route","timestamp":"2026-04-19T13:43:08.003Z"}
{"context":"RouterExplorer","level":"info","message":"Mapped {/api/users/:id, DELETE} (version: 1) route","timestamp":"2026-04-19T13:43:08.004Z"}
{"context":"RouterExplorer","level":"info","message":"Mapped {/api/users/:id/block, PATCH} (version: 1) route","timestamp":"2026-04-19T13:43:08.004Z"}
{"context":"RouterExplorer","level":"info","message":"Mapped {/api/users/:id/unblock, PATCH} (version: 1) route","timestamp":"2026-04-19T13:43:08.004Z"}
{"context":"RoutesResolver","level":"info","message":"ServicesController {/api/services} (version: 1):","timestamp":"2026-04-19T13:43:08.005Z"}
{"context":"RouterExplorer","level":"info","message":"Mapped {/api/services, GET} (version: 1) route","timestamp":"2026-04-19T13:43:08.005Z"}
{"context":"RouterExplorer","level":"info","message":"Mapped {/api/services/:id, GET} (version: 1) route","timestamp":"2026-04-19T13:43:08.005Z"}
{"context":"RouterExplorer","level":"info","message":"Mapped {/api/services, POST} (version: 1) route","timestamp":"2026-04-19T13:43:08.006Z"}
{"context":"RouterExplorer","level":"info","message":"Mapped {/api/services/:id, PATCH} (version: 1) route","timestamp":"2026-04-19T13:43:08.006Z"}
{"context":"RouterExplorer","level":"info","message":"Mapped {/api/services/:id, DELETE} (version: 1) route","timestamp":"2026-04-19T13:43:08.006Z"}
{"context":"RouterExplorer","level":"info","message":"Mapped {/api/services/:id/toggle-active, PATCH} (version: 1) route","timestamp":"2026-04-19T13:43:08.006Z"}
{"context":"RoutesResolver","level":"info","message":"OrdersController {/api/orders} (version: 1):","timestamp":"2026-04-19T13:43:08.007Z"}
{"context":"RouterExplorer","level":"info","message":"Mapped {/api/orders, POST} (version: 1) route","timestamp":"2026-04-19T13:43:08.007Z"}
{"context":"RouterExplorer","level":"info","message":"Mapped {/api/orders/me, GET} (version: 1) route","timestamp":"2026-04-19T13:43:08.007Z"}
{"context":"RouterExplorer","level":"info","message":"Mapped {/api/orders, GET} (version: 1) route","timestamp":"2026-04-19T13:43:08.007Z"}
{"context":"RouterExplorer","level":"info","message":"Mapped {/api/orders/:id, GET} (version: 1) route","timestamp":"2026-04-19T13:43:08.008Z"}
{"context":"RouterExplorer","level":"info","message":"Mapped {/api/orders/:id/status, PATCH} (version: 1) route","timestamp":"2026-04-19T13:43:08.008Z"}
{"context":"RoutesResolver","level":"info","message":"PaymentsController {/api/payments} (version: 1):","timestamp":"2026-04-19T13:43:08.008Z"}
{"context":"RouterExplorer","level":"info","message":"Mapped {/api/payments/initiate, POST} (version: 1) route","timestamp":"2026-04-19T13:43:08.009Z"}
{"context":"RouterExplorer","level":"info","message":"Mapped {/api/payments/webhook, POST} (version: 1) route","timestamp":"2026-04-19T13:43:08.009Z"}
{"context":"RouterExplorer","level":"info","message":"Mapped {/api/payments/:id, GET} (version: 1) route","timestamp":"2026-04-19T13:43:08.009Z"}
{"context":"RoutesResolver","level":"info","message":"CountriesController {/api/countries} (version: 1):","timestamp":"2026-04-19T13:43:08.009Z"}
{"context":"RouterExplorer","level":"info","message":"Mapped {/api/countries, GET} (version: 1) route","timestamp":"2026-04-19T13:43:08.010Z"}
{"context":"RouterExplorer","level":"info","message":"Mapped {/api/countries/seed, POST} (version: 1) route","timestamp":"2026-04-19T13:43:08.010Z"}
{"context":"RoutesResolver","level":"info","message":"FaqController {/api/faq} (version: 1):","timestamp":"2026-04-19T13:43:08.010Z"}
{"context":"RouterExplorer","level":"info","message":"Mapped {/api/faq, GET} (version: 1) route","timestamp":"2026-04-19T13:43:08.010Z"}
{"context":"RoutesResolver","level":"info","message":"TestimonialsController {/api/testimonials} (version: 1):","timestamp":"2026-04-19T13:43:08.011Z"}
{"context":"RouterExplorer","level":"info","message":"Mapped {/api/testimonials, GET} (version: 1) route","timestamp":"2026-04-19T13:43:08.011Z"}
{"context":"NestApplication","level":"info","message":"Nest application successfully started","timestamp":"2026-04-19T13:43:08.011Z"}
{"context":"Bootstrap","level":"info","message":"Khairat API running on port 3001","timestamp":"2026-04-19T13:43:08.013Z"}
{"context":"Bootstrap","level":"info","message":"Swagger docs: http://localhost:3001/api/docs","timestamp":"2026-04-19T13:43:08.013Z"}
{"context":"NestFactory","level":"info","message":"Starting Nest application...","timestamp":"2026-04-19T13:58:19.287Z"}
{"context":"InstanceLoader","level":"info","message":"AppModule dependencies initialized","timestamp":"2026-04-19T13:58:19.288Z"}
{"context":"InstanceLoader","level":"info","message":"TypeOrmModule dependencies initialized","timestamp":"2026-04-19T13:58:19.289Z"}
{"context":"InstanceLoader","level":"info","message":"PassportModule dependencies initialized","timestamp":"2026-04-19T13:58:19.290Z"}
{"context":"InstanceLoader","level":"info","message":"ThrottlerModule dependencies initialized","timestamp":"2026-04-19T13:58:19.290Z"}
{"context":"InstanceLoader","level":"info","message":"ConfigHostModule dependencies initialized","timestamp":"2026-04-19T13:58:19.291Z"}
{"context":"InstanceLoader","level":"info","message":"WinstonModule dependencies initialized","timestamp":"2026-04-19T13:58:19.291Z"}
{"context":"InstanceLoader","level":"info","message":"ConfigModule dependencies initialized","timestamp":"2026-04-19T13:58:19.291Z"}
{"context":"InstanceLoader","level":"info","message":"ConfigModule dependencies initialized","timestamp":"2026-04-19T13:58:19.292Z"}
{"context":"InstanceLoader","level":"info","message":"JwtModule dependencies initialized","timestamp":"2026-04-19T13:58:19.292Z"}
{"context":"InstanceLoader","level":"info","message":"TypeOrmCoreModule dependencies initialized","timestamp":"2026-04-19T13:58:19.293Z"}
{"context":"InstanceLoader","level":"info","message":"TypeOrmModule dependencies initialized","timestamp":"2026-04-19T13:58:19.293Z"}
{"context":"InstanceLoader","level":"info","message":"TypeOrmModule dependencies initialized","timestamp":"2026-04-19T13:58:19.294Z"}
{"context":"InstanceLoader","level":"info","message":"TypeOrmModule dependencies initialized","timestamp":"2026-04-19T13:58:19.294Z"}
{"context":"InstanceLoader","level":"info","message":"TypeOrmModule dependencies initialized","timestamp":"2026-04-19T13:58:19.294Z"}
{"context":"InstanceLoader","level":"info","message":"TypeOrmModule dependencies initialized","timestamp":"2026-04-19T13:58:19.295Z"}
{"context":"InstanceLoader","level":"info","message":"TypeOrmModule dependencies initialized","timestamp":"2026-04-19T13:58:19.295Z"}
{"context":"InstanceLoader","level":"info","message":"TypeOrmModule dependencies initialized","timestamp":"2026-04-19T13:58:19.295Z"}
{"context":"InstanceLoader","level":"info","message":"FaqModule dependencies initialized","timestamp":"2026-04-19T13:58:19.296Z"}
{"context":"InstanceLoader","level":"info","message":"TestimonialsModule dependencies initialized","timestamp":"2026-04-19T13:58:19.296Z"}
{"context":"InstanceLoader","level":"info","message":"CountriesModule dependencies initialized","timestamp":"2026-04-19T13:58:19.296Z"}
{"context":"InstanceLoader","level":"info","message":"UsersModule dependencies initialized","timestamp":"2026-04-19T13:58:19.308Z"}
{"context":"InstanceLoader","level":"info","message":"AuthModule dependencies initialized","timestamp":"2026-04-19T13:58:19.310Z"}
{"context":"InstanceLoader","level":"info","message":"ServicesModule dependencies initialized","timestamp":"2026-04-19T13:58:19.311Z"}
{"context":"InstanceLoader","level":"info","message":"OrdersModule dependencies initialized","timestamp":"2026-04-19T13:58:19.311Z"}
{"context":"InstanceLoader","level":"info","message":"PaymentsModule dependencies initialized","timestamp":"2026-04-19T13:58:19.311Z"}
{"context":"RoutesResolver","level":"info","message":"AuthController {/api/auth} (version: 1):","timestamp":"2026-04-19T13:58:19.312Z"}
{"context":"RouterExplorer","level":"info","message":"Mapped {/api/auth/register, POST} (version: 1) route","timestamp":"2026-04-19T13:58:19.312Z"}
{"context":"RouterExplorer","level":"info","message":"Mapped {/api/auth/login, POST} (version: 1) route","timestamp":"2026-04-19T13:58:19.313Z"}
{"context":"RouterExplorer","level":"info","message":"Mapped {/api/auth/refresh, POST} (version: 1) route","timestamp":"2026-04-19T13:58:19.319Z"}
{"context":"RouterExplorer","level":"info","message":"Mapped {/api/auth/forgot-password, POST} (version: 1) route","timestamp":"2026-04-19T13:58:19.328Z"}
{"context":"RouterExplorer","level":"info","message":"Mapped {/api/auth/reset-password, POST} (version: 1) route","timestamp":"2026-04-19T13:58:19.330Z"}
{"context":"RoutesResolver","level":"info","message":"UsersController {/api/users} (version: 1):","timestamp":"2026-04-19T13:58:19.331Z"}
{"context":"RouterExplorer","level":"info","message":"Mapped {/api/users/me, GET} (version: 1) route","timestamp":"2026-04-19T13:58:19.331Z"}
{"context":"RouterExplorer","level":"info","message":"Mapped {/api/users/me, PATCH} (version: 1) route","timestamp":"2026-04-19T13:58:19.332Z"}
{"context":"RouterExplorer","level":"info","message":"Mapped {/api/users, GET} (version: 1) route","timestamp":"2026-04-19T13:58:19.334Z"}
{"context":"RouterExplorer","level":"info","message":"Mapped {/api/users/:id, GET} (version: 1) route","timestamp":"2026-04-19T13:58:19.335Z"}
{"context":"RouterExplorer","level":"info","message":"Mapped {/api/users/:id, PATCH} (version: 1) route","timestamp":"2026-04-19T13:58:19.335Z"}
{"context":"RouterExplorer","level":"info","message":"Mapped {/api/users/:id, DELETE} (version: 1) route","timestamp":"2026-04-19T13:58:19.337Z"}
{"context":"RouterExplorer","level":"info","message":"Mapped {/api/users/:id/block, PATCH} (version: 1) route","timestamp":"2026-04-19T13:58:19.338Z"}
{"context":"RouterExplorer","level":"info","message":"Mapped {/api/users/:id/unblock, PATCH} (version: 1) route","timestamp":"2026-04-19T13:58:19.339Z"}
{"context":"RoutesResolver","level":"info","message":"ServicesController {/api/services} (version: 1):","timestamp":"2026-04-19T13:58:19.340Z"}
{"context":"RouterExplorer","level":"info","message":"Mapped {/api/services, GET} (version: 1) route","timestamp":"2026-04-19T13:58:19.341Z"}
{"context":"RouterExplorer","level":"info","message":"Mapped {/api/services/:id, GET} (version: 1) route","timestamp":"2026-04-19T13:58:19.341Z"}
{"context":"RouterExplorer","level":"info","message":"Mapped {/api/services, POST} (version: 1) route","timestamp":"2026-04-19T13:58:19.342Z"}
{"context":"RouterExplorer","level":"info","message":"Mapped {/api/services/:id, PATCH} (version: 1) route","timestamp":"2026-04-19T13:58:19.343Z"}
{"context":"RouterExplorer","level":"info","message":"Mapped {/api/services/:id, DELETE} (version: 1) route","timestamp":"2026-04-19T13:58:19.343Z"}
{"context":"RouterExplorer","level":"info","message":"Mapped {/api/services/:id/toggle-active, PATCH} (version: 1) route","timestamp":"2026-04-19T13:58:19.345Z"}
{"context":"RoutesResolver","level":"info","message":"OrdersController {/api/orders} (version: 1):","timestamp":"2026-04-19T13:58:19.345Z"}
{"context":"RouterExplorer","level":"info","message":"Mapped {/api/orders, POST} (version: 1) route","timestamp":"2026-04-19T13:58:19.346Z"}
{"context":"RouterExplorer","level":"info","message":"Mapped {/api/orders/me, GET} (version: 1) route","timestamp":"2026-04-19T13:58:19.347Z"}
{"context":"RouterExplorer","level":"info","message":"Mapped {/api/orders, GET} (version: 1) route","timestamp":"2026-04-19T13:58:19.347Z"}
{"context":"RouterExplorer","level":"info","message":"Mapped {/api/orders/:id, GET} (version: 1) route","timestamp":"2026-04-19T13:58:19.351Z"}
{"context":"RouterExplorer","level":"info","message":"Mapped {/api/orders/:id/status, PATCH} (version: 1) route","timestamp":"2026-04-19T13:58:19.353Z"}
{"context":"RoutesResolver","level":"info","message":"PaymentsController {/api/payments} (version: 1):","timestamp":"2026-04-19T13:58:19.354Z"}
{"context":"RouterExplorer","level":"info","message":"Mapped {/api/payments/initiate, POST} (version: 1) route","timestamp":"2026-04-19T13:58:19.358Z"}
{"context":"RouterExplorer","level":"info","message":"Mapped {/api/payments/webhook, POST} (version: 1) route","timestamp":"2026-04-19T13:58:19.358Z"}
{"context":"RouterExplorer","level":"info","message":"Mapped {/api/payments/:id, GET} (version: 1) route","timestamp":"2026-04-19T13:58:19.359Z"}
{"context":"RoutesResolver","level":"info","message":"CountriesController {/api/countries} (version: 1):","timestamp":"2026-04-19T13:58:19.360Z"}
{"context":"RouterExplorer","level":"info","message":"Mapped {/api/countries, GET} (version: 1) route","timestamp":"2026-04-19T13:58:19.360Z"}
{"context":"RouterExplorer","level":"info","message":"Mapped {/api/countries/seed, POST} (version: 1) route","timestamp":"2026-04-19T13:58:19.361Z"}
{"context":"RoutesResolver","level":"info","message":"FaqController {/api/faq} (version: 1):","timestamp":"2026-04-19T13:58:19.361Z"}
{"context":"RouterExplorer","level":"info","message":"Mapped {/api/faq, GET} (version: 1) route","timestamp":"2026-04-19T13:58:19.361Z"}
{"context":"RoutesResolver","level":"info","message":"TestimonialsController {/api/testimonials} (version: 1):","timestamp":"2026-04-19T13:58:19.362Z"}
{"context":"RouterExplorer","level":"info","message":"Mapped {/api/testimonials, GET} (version: 1) route","timestamp":"2026-04-19T13:58:19.363Z"}
{"context":"NestApplication","level":"info","message":"Nest application successfully started","timestamp":"2026-04-19T13:58:19.363Z"}
{"context":"Bootstrap","level":"info","message":"Khairat API running on port 3001","timestamp":"2026-04-19T13:58:19.365Z"}
{"context":"Bootstrap","level":"info","message":"Swagger docs: http://localhost:3001/api/docs","timestamp":"2026-04-19T13:58:19.365Z"}
{"context":"NestFactory","level":"info","message":"Starting Nest application...","timestamp":"2026-04-19T14:55:45.086Z"}
{"context":"InstanceLoader","level":"info","message":"AppModule dependencies initialized","timestamp":"2026-04-19T14:55:45.087Z"}
{"context":"InstanceLoader","level":"info","message":"TypeOrmModule dependencies initialized","timestamp":"2026-04-19T14:55:45.088Z"}
{"context":"InstanceLoader","level":"info","message":"PassportModule dependencies initialized","timestamp":"2026-04-19T14:55:45.089Z"}
{"context":"InstanceLoader","level":"info","message":"ThrottlerModule dependencies initialized","timestamp":"2026-04-19T14:55:45.089Z"}
{"context":"InstanceLoader","level":"info","message":"ConfigHostModule dependencies initialized","timestamp":"2026-04-19T14:55:45.090Z"}
{"context":"InstanceLoader","level":"info","message":"WinstonModule dependencies initialized","timestamp":"2026-04-19T14:55:45.090Z"}
{"context":"InstanceLoader","level":"info","message":"ConfigModule dependencies initialized","timestamp":"2026-04-19T14:55:45.091Z"}
{"context":"InstanceLoader","level":"info","message":"ConfigModule dependencies initialized","timestamp":"2026-04-19T14:55:45.091Z"}
{"context":"InstanceLoader","level":"info","message":"JwtModule dependencies initialized","timestamp":"2026-04-19T14:55:45.092Z"}
{"context":"InstanceLoader","level":"info","message":"TypeOrmCoreModule dependencies initialized","timestamp":"2026-04-19T14:55:45.092Z"}
{"context":"InstanceLoader","level":"info","message":"TypeOrmModule dependencies initialized","timestamp":"2026-04-19T14:55:45.093Z"}
{"context":"InstanceLoader","level":"info","message":"TypeOrmModule dependencies initialized","timestamp":"2026-04-19T14:55:45.093Z"}
{"context":"InstanceLoader","level":"info","message":"TypeOrmModule dependencies initialized","timestamp":"2026-04-19T14:55:45.093Z"}
{"context":"InstanceLoader","level":"info","message":"TypeOrmModule dependencies initialized","timestamp":"2026-04-19T14:55:45.094Z"}
{"context":"InstanceLoader","level":"info","message":"TypeOrmModule dependencies initialized","timestamp":"2026-04-19T14:55:45.094Z"}
{"context":"InstanceLoader","level":"info","message":"TypeOrmModule dependencies initialized","timestamp":"2026-04-19T14:55:45.094Z"}
{"context":"InstanceLoader","level":"info","message":"TypeOrmModule dependencies initialized","timestamp":"2026-04-19T14:55:45.094Z"}
{"context":"InstanceLoader","level":"info","message":"FaqModule dependencies initialized","timestamp":"2026-04-19T14:55:45.095Z"}
{"context":"InstanceLoader","level":"info","message":"TestimonialsModule dependencies initialized","timestamp":"2026-04-19T14:55:45.095Z"}
{"context":"InstanceLoader","level":"info","message":"CountriesModule dependencies initialized","timestamp":"2026-04-19T14:55:45.095Z"}
{"context":"InstanceLoader","level":"info","message":"UsersModule dependencies initialized","timestamp":"2026-04-19T14:55:45.096Z"}
{"context":"InstanceLoader","level":"info","message":"AuthModule dependencies initialized","timestamp":"2026-04-19T14:55:45.096Z"}
{"context":"InstanceLoader","level":"info","message":"ServicesModule dependencies initialized","timestamp":"2026-04-19T14:55:45.096Z"}
{"context":"InstanceLoader","level":"info","message":"OrdersModule dependencies initialized","timestamp":"2026-04-19T14:55:45.096Z"}
{"context":"InstanceLoader","level":"info","message":"PaymentsModule dependencies initialized","timestamp":"2026-04-19T14:55:45.097Z"}
{"context":"RoutesResolver","level":"info","message":"AuthController {/api/auth} (version: 1):","timestamp":"2026-04-19T14:55:45.097Z"}
{"context":"RouterExplorer","level":"info","message":"Mapped {/api/auth/register, POST} (version: 1) route","timestamp":"2026-04-19T14:55:45.097Z"}
{"context":"RouterExplorer","level":"info","message":"Mapped {/api/auth/login, POST} (version: 1) route","timestamp":"2026-04-19T14:55:45.097Z"}
{"context":"RouterExplorer","level":"info","message":"Mapped {/api/auth/refresh, POST} (version: 1) route","timestamp":"2026-04-19T14:55:45.098Z"}
{"context":"RouterExplorer","level":"info","message":"Mapped {/api/auth/forgot-password, POST} (version: 1) route","timestamp":"2026-04-19T14:55:45.098Z"}
{"context":"RouterExplorer","level":"info","message":"Mapped {/api/auth/reset-password, POST} (version: 1) route","timestamp":"2026-04-19T14:55:45.098Z"}
{"context":"RoutesResolver","level":"info","message":"UsersController {/api/users} (version: 1):","timestamp":"2026-04-19T14:55:45.098Z"}
{"context":"RouterExplorer","level":"info","message":"Mapped {/api/users/me, GET} (version: 1) route","timestamp":"2026-04-19T14:55:45.099Z"}
{"context":"RouterExplorer","level":"info","message":"Mapped {/api/users/me, PATCH} (version: 1) route","timestamp":"2026-04-19T14:55:45.099Z"}
{"context":"RouterExplorer","level":"info","message":"Mapped {/api/users, GET} (version: 1) route","timestamp":"2026-04-19T14:55:45.099Z"}
{"context":"RouterExplorer","level":"info","message":"Mapped {/api/users/:id, GET} (version: 1) route","timestamp":"2026-04-19T14:55:45.099Z"}
{"context":"RouterExplorer","level":"info","message":"Mapped {/api/users/:id, PATCH} (version: 1) route","timestamp":"2026-04-19T14:55:45.100Z"}
{"context":"RouterExplorer","level":"info","message":"Mapped {/api/users/:id, DELETE} (version: 1) route","timestamp":"2026-04-19T14:55:45.100Z"}
{"context":"RouterExplorer","level":"info","message":"Mapped {/api/users/:id/block, PATCH} (version: 1) route","timestamp":"2026-04-19T14:55:45.100Z"}
{"context":"RouterExplorer","level":"info","message":"Mapped {/api/users/:id/unblock, PATCH} (version: 1) route","timestamp":"2026-04-19T14:55:45.101Z"}
{"context":"RoutesResolver","level":"info","message":"ServicesController {/api/services} (version: 1):","timestamp":"2026-04-19T14:55:45.101Z"}
{"context":"RouterExplorer","level":"info","message":"Mapped {/api/services, GET} (version: 1) route","timestamp":"2026-04-19T14:55:45.101Z"}
{"context":"RouterExplorer","level":"info","message":"Mapped {/api/services/:id, GET} (version: 1) route","timestamp":"2026-04-19T14:55:45.101Z"}
{"context":"RouterExplorer","level":"info","message":"Mapped {/api/services, POST} (version: 1) route","timestamp":"2026-04-19T14:55:45.102Z"}
{"context":"RouterExplorer","level":"info","message":"Mapped {/api/services/:id, PATCH} (version: 1) route","timestamp":"2026-04-19T14:55:45.102Z"}
{"context":"RouterExplorer","level":"info","message":"Mapped {/api/services/:id, DELETE} (version: 1) route","timestamp":"2026-04-19T14:55:45.102Z"}
{"context":"RouterExplorer","level":"info","message":"Mapped {/api/services/:id/toggle-active, PATCH} (version: 1) route","timestamp":"2026-04-19T14:55:45.103Z"}
{"context":"RoutesResolver","level":"info","message":"OrdersController {/api/orders} (version: 1):","timestamp":"2026-04-19T14:55:45.103Z"}
{"context":"RouterExplorer","level":"info","message":"Mapped {/api/orders, POST} (version: 1) route","timestamp":"2026-04-19T14:55:45.103Z"}
{"context":"RouterExplorer","level":"info","message":"Mapped {/api/orders/me, GET} (version: 1) route","timestamp":"2026-04-19T14:55:45.103Z"}
{"context":"RouterExplorer","level":"info","message":"Mapped {/api/orders, GET} (version: 1) route","timestamp":"2026-04-19T14:55:45.104Z"}
{"context":"RouterExplorer","level":"info","message":"Mapped {/api/orders/:id, GET} (version: 1) route","timestamp":"2026-04-19T14:55:45.104Z"}
{"context":"RouterExplorer","level":"info","message":"Mapped {/api/orders/:id/status, PATCH} (version: 1) route","timestamp":"2026-04-19T14:55:45.104Z"}
{"context":"RoutesResolver","level":"info","message":"PaymentsController {/api/payments} (version: 1):","timestamp":"2026-04-19T14:55:45.105Z"}
{"context":"RouterExplorer","level":"info","message":"Mapped {/api/payments/initiate, POST} (version: 1) route","timestamp":"2026-04-19T14:55:45.105Z"}
{"context":"RouterExplorer","level":"info","message":"Mapped {/api/payments/webhook, POST} (version: 1) route","timestamp":"2026-04-19T14:55:45.105Z"}
{"context":"RouterExplorer","level":"info","message":"Mapped {/api/payments/:id, GET} (version: 1) route","timestamp":"2026-04-19T14:55:45.106Z"}
{"context":"RoutesResolver","level":"info","message":"CountriesController {/api/countries} (version: 1):","timestamp":"2026-04-19T14:55:45.106Z"}
{"context":"RouterExplorer","level":"info","message":"Mapped {/api/countries, GET} (version: 1) route","timestamp":"2026-04-19T14:55:45.106Z"}
{"context":"RouterExplorer","level":"info","message":"Mapped {/api/countries/seed, POST} (version: 1) route","timestamp":"2026-04-19T14:55:45.107Z"}
{"context":"RoutesResolver","level":"info","message":"FaqController {/api/faq} (version: 1):","timestamp":"2026-04-19T14:55:45.107Z"}
{"context":"RouterExplorer","level":"info","message":"Mapped {/api/faq, GET} (version: 1) route","timestamp":"2026-04-19T14:55:45.107Z"}
{"context":"RoutesResolver","level":"info","message":"TestimonialsController {/api/testimonials} (version: 1):","timestamp":"2026-04-19T14:55:45.107Z"}
{"context":"RouterExplorer","level":"info","message":"Mapped {/api/testimonials, GET} (version: 1) route","timestamp":"2026-04-19T14:55:45.108Z"}
{"context":"NestApplication","level":"info","message":"Nest application successfully started","timestamp":"2026-04-19T14:55:45.108Z"}
{"context":"Bootstrap","level":"info","message":"Khairat API running on port 3001","timestamp":"2026-04-19T14:55:45.109Z"}
{"context":"Bootstrap","level":"info","message":"Swagger docs: http://localhost:3001/api/docs","timestamp":"2026-04-19T14:55:45.109Z"}
{"context":"NestFactory","level":"info","message":"Starting Nest application...","timestamp":"2026-04-19T19:13:16.823Z"}
{"context":"InstanceLoader","level":"info","message":"AppModule dependencies initialized","timestamp":"2026-04-19T19:13:16.824Z"}
{"context":"InstanceLoader","level":"info","message":"TypeOrmModule dependencies initialized","timestamp":"2026-04-19T19:13:16.825Z"}
{"context":"InstanceLoader","level":"info","message":"PassportModule dependencies initialized","timestamp":"2026-04-19T19:13:16.825Z"}
{"context":"InstanceLoader","level":"info","message":"ThrottlerModule dependencies initialized","timestamp":"2026-04-19T19:13:16.826Z"}
{"context":"InstanceLoader","level":"info","message":"ConfigHostModule dependencies initialized","timestamp":"2026-04-19T19:13:16.826Z"}
{"context":"InstanceLoader","level":"info","message":"WinstonModule dependencies initialized","timestamp":"2026-04-19T19:13:16.826Z"}
{"context":"InstanceLoader","level":"info","message":"ConfigModule dependencies initialized","timestamp":"2026-04-19T19:13:16.827Z"}
{"context":"InstanceLoader","level":"info","message":"ConfigModule dependencies initialized","timestamp":"2026-04-19T19:13:16.827Z"}
{"context":"InstanceLoader","level":"info","message":"JwtModule dependencies initialized","timestamp":"2026-04-19T19:13:16.828Z"}
{"context":"InstanceLoader","level":"info","message":"TypeOrmCoreModule dependencies initialized","timestamp":"2026-04-19T19:13:16.828Z"}
{"context":"InstanceLoader","level":"info","message":"TypeOrmModule dependencies initialized","timestamp":"2026-04-19T19:13:16.829Z"}
{"context":"InstanceLoader","level":"info","message":"TypeOrmModule dependencies initialized","timestamp":"2026-04-19T19:13:16.829Z"}
{"context":"InstanceLoader","level":"info","message":"TypeOrmModule dependencies initialized","timestamp":"2026-04-19T19:13:16.829Z"}
{"context":"InstanceLoader","level":"info","message":"TypeOrmModule dependencies initialized","timestamp":"2026-04-19T19:13:16.830Z"}
{"context":"InstanceLoader","level":"info","message":"TypeOrmModule dependencies initialized","timestamp":"2026-04-19T19:13:16.830Z"}
{"context":"InstanceLoader","level":"info","message":"TypeOrmModule dependencies initialized","timestamp":"2026-04-19T19:13:16.831Z"}
{"context":"InstanceLoader","level":"info","message":"TypeOrmModule dependencies initialized","timestamp":"2026-04-19T19:13:16.832Z"}
{"context":"InstanceLoader","level":"info","message":"FaqModule dependencies initialized","timestamp":"2026-04-19T19:13:16.832Z"}
{"context":"InstanceLoader","level":"info","message":"TestimonialsModule dependencies initialized","timestamp":"2026-04-19T19:13:16.833Z"}
{"context":"InstanceLoader","level":"info","message":"CountriesModule dependencies initialized","timestamp":"2026-04-19T19:13:16.833Z"}
{"context":"InstanceLoader","level":"info","message":"UsersModule dependencies initialized","timestamp":"2026-04-19T19:13:16.834Z"}
{"context":"InstanceLoader","level":"info","message":"AuthModule dependencies initialized","timestamp":"2026-04-19T19:13:16.834Z"}
{"context":"InstanceLoader","level":"info","message":"ServicesModule dependencies initialized","timestamp":"2026-04-19T19:13:16.835Z"}
{"context":"InstanceLoader","level":"info","message":"OrdersModule dependencies initialized","timestamp":"2026-04-19T19:13:16.835Z"}
{"context":"InstanceLoader","level":"info","message":"PaymentsModule dependencies initialized","timestamp":"2026-04-19T19:13:16.835Z"}
{"context":"RoutesResolver","level":"info","message":"AuthController {/api/auth} (version: 1):","timestamp":"2026-04-19T19:13:16.836Z"}
{"context":"RouterExplorer","level":"info","message":"Mapped {/api/auth/register, POST} (version: 1) route","timestamp":"2026-04-19T19:13:16.836Z"}
{"context":"RouterExplorer","level":"info","message":"Mapped {/api/auth/login, POST} (version: 1) route","timestamp":"2026-04-19T19:13:16.837Z"}
{"context":"RouterExplorer","level":"info","message":"Mapped {/api/auth/refresh, POST} (version: 1) route","timestamp":"2026-04-19T19:13:16.837Z"}
{"context":"RouterExplorer","level":"info","message":"Mapped {/api/auth/forgot-password, POST} (version: 1) route","timestamp":"2026-04-19T19:13:16.838Z"}
{"context":"RouterExplorer","level":"info","message":"Mapped {/api/auth/reset-password, POST} (version: 1) route","timestamp":"2026-04-19T19:13:16.838Z"}
{"context":"RoutesResolver","level":"info","message":"UsersController {/api/users} (version: 1):","timestamp":"2026-04-19T19:13:16.839Z"}
{"context":"RouterExplorer","level":"info","message":"Mapped {/api/users/me, GET} (version: 1) route","timestamp":"2026-04-19T19:13:16.839Z"}
{"context":"RouterExplorer","level":"info","message":"Mapped {/api/users/me, PATCH} (version: 1) route","timestamp":"2026-04-19T19:13:16.839Z"}
{"context":"RouterExplorer","level":"info","message":"Mapped {/api/users, GET} (version: 1) route","timestamp":"2026-04-19T19:13:16.840Z"}
{"context":"RouterExplorer","level":"info","message":"Mapped {/api/users/:id, GET} (version: 1) route","timestamp":"2026-04-19T19:13:16.840Z"}
{"context":"RouterExplorer","level":"info","message":"Mapped {/api/users/:id, PATCH} (version: 1) route","timestamp":"2026-04-19T19:13:16.841Z"}
{"context":"RouterExplorer","level":"info","message":"Mapped {/api/users/:id, DELETE} (version: 1) route","timestamp":"2026-04-19T19:13:16.842Z"}
{"context":"RouterExplorer","level":"info","message":"Mapped {/api/users/:id/block, PATCH} (version: 1) route","timestamp":"2026-04-19T19:13:16.842Z"}
{"context":"RouterExplorer","level":"info","message":"Mapped {/api/users/:id/unblock, PATCH} (version: 1) route","timestamp":"2026-04-19T19:13:16.843Z"}
{"context":"RoutesResolver","level":"info","message":"ServicesController {/api/services} (version: 1):","timestamp":"2026-04-19T19:13:16.843Z"}
{"context":"RouterExplorer","level":"info","message":"Mapped {/api/services, GET} (version: 1) route","timestamp":"2026-04-19T19:13:16.843Z"}
{"context":"RouterExplorer","level":"info","message":"Mapped {/api/services/:id, GET} (version: 1) route","timestamp":"2026-04-19T19:13:16.844Z"}
{"context":"RouterExplorer","level":"info","message":"Mapped {/api/services, POST} (version: 1) route","timestamp":"2026-04-19T19:13:16.844Z"}
{"context":"RouterExplorer","level":"info","message":"Mapped {/api/services/:id, PATCH} (version: 1) route","timestamp":"2026-04-19T19:13:16.844Z"}
{"context":"RouterExplorer","level":"info","message":"Mapped {/api/services/:id, DELETE} (version: 1) route","timestamp":"2026-04-19T19:13:16.845Z"}
{"context":"RouterExplorer","level":"info","message":"Mapped {/api/services/:id/toggle-active, PATCH} (version: 1) route","timestamp":"2026-04-19T19:13:16.845Z"}
{"context":"RoutesResolver","level":"info","message":"OrdersController {/api/orders} (version: 1):","timestamp":"2026-04-19T19:13:16.846Z"}
{"context":"RouterExplorer","level":"info","message":"Mapped {/api/orders, POST} (version: 1) route","timestamp":"2026-04-19T19:13:16.846Z"}
{"context":"RouterExplorer","level":"info","message":"Mapped {/api/orders/me, GET} (version: 1) route","timestamp":"2026-04-19T19:13:16.846Z"}
{"context":"RouterExplorer","level":"info","message":"Mapped {/api/orders, GET} (version: 1) route","timestamp":"2026-04-19T19:13:16.847Z"}
{"context":"RouterExplorer","level":"info","message":"Mapped {/api/orders/:id, GET} (version: 1) route","timestamp":"2026-04-19T19:13:16.847Z"}
{"context":"RouterExplorer","level":"info","message":"Mapped {/api/orders/:id/status, PATCH} (version: 1) route","timestamp":"2026-04-19T19:13:16.848Z"}
{"context":"RoutesResolver","level":"info","message":"PaymentsController {/api/payments} (version: 1):","timestamp":"2026-04-19T19:13:16.848Z"}
{"context":"RouterExplorer","level":"info","message":"Mapped {/api/payments/initiate, POST} (version: 1) route","timestamp":"2026-04-19T19:13:16.849Z"}
{"context":"RouterExplorer","level":"info","message":"Mapped {/api/payments/webhook, POST} (version: 1) route","timestamp":"2026-04-19T19:13:16.850Z"}
{"context":"RouterExplorer","level":"info","message":"Mapped {/api/payments/:id, GET} (version: 1) route","timestamp":"2026-04-19T19:13:16.850Z"}
{"context":"RoutesResolver","level":"info","message":"CountriesController {/api/countries} (version: 1):","timestamp":"2026-04-19T19:13:16.851Z"}
{"context":"RouterExplorer","level":"info","message":"Mapped {/api/countries, GET} (version: 1) route","timestamp":"2026-04-19T19:13:16.852Z"}
{"context":"RouterExplorer","level":"info","message":"Mapped {/api/countries/seed, POST} (version: 1) route","timestamp":"2026-04-19T19:13:16.853Z"}
{"context":"RoutesResolver","level":"info","message":"FaqController {/api/faq} (version: 1):","timestamp":"2026-04-19T19:13:16.854Z"}
{"context":"RouterExplorer","level":"info","message":"Mapped {/api/faq, GET} (version: 1) route","timestamp":"2026-04-19T19:13:16.855Z"}
{"context":"RoutesResolver","level":"info","message":"TestimonialsController {/api/testimonials} (version: 1):","timestamp":"2026-04-19T19:13:16.855Z"}
{"context":"RouterExplorer","level":"info","message":"Mapped {/api/testimonials, GET} (version: 1) route","timestamp":"2026-04-19T19:13:16.856Z"}
{"context":"NestApplication","level":"info","message":"Nest application successfully started","timestamp":"2026-04-19T19:13:16.856Z"}
{"context":"Bootstrap","level":"info","message":"Khairat API running on port 3001","timestamp":"2026-04-19T19:13:16.858Z"}
{"context":"Bootstrap","level":"info","message":"Swagger docs: http://localhost:3001/api/docs","timestamp":"2026-04-19T19:13:16.859Z"}
{"context":"NestFactory","level":"info","message":"Starting Nest application...","timestamp":"2026-04-19T21:45:29.236Z"}
{"context":"InstanceLoader","level":"info","message":"AppModule dependencies initialized","timestamp":"2026-04-19T21:45:29.238Z"}
{"context":"InstanceLoader","level":"info","message":"TypeOrmModule dependencies initialized","timestamp":"2026-04-19T21:45:29.239Z"}
{"context":"InstanceLoader","level":"info","message":"PassportModule dependencies initialized","timestamp":"2026-04-19T21:45:29.240Z"}
{"context":"InstanceLoader","level":"info","message":"ThrottlerModule dependencies initialized","timestamp":"2026-04-19T21:45:29.240Z"}
{"context":"InstanceLoader","level":"info","message":"ConfigHostModule dependencies initialized","timestamp":"2026-04-19T21:45:29.241Z"}
{"context":"InstanceLoader","level":"info","message":"WinstonModule dependencies initialized","timestamp":"2026-04-19T21:45:29.242Z"}
{"context":"InstanceLoader","level":"info","message":"ConfigModule dependencies initialized","timestamp":"2026-04-19T21:45:29.242Z"}
{"context":"InstanceLoader","level":"info","message":"ConfigModule dependencies initialized","timestamp":"2026-04-19T21:45:29.243Z"}
{"context":"InstanceLoader","level":"info","message":"JwtModule dependencies initialized","timestamp":"2026-04-19T21:45:29.243Z"}
{"context":"InstanceLoader","level":"info","message":"UploadModule dependencies initialized","timestamp":"2026-04-19T21:45:29.244Z"}
{"context":"InstanceLoader","level":"info","message":"TypeOrmCoreModule dependencies initialized","timestamp":"2026-04-19T21:45:29.244Z"}
{"context":"InstanceLoader","level":"info","message":"TypeOrmModule dependencies initialized","timestamp":"2026-04-19T21:45:29.245Z"}
{"context":"InstanceLoader","level":"info","message":"TypeOrmModule dependencies initialized","timestamp":"2026-04-19T21:45:29.245Z"}
{"context":"InstanceLoader","level":"info","message":"TypeOrmModule dependencies initialized","timestamp":"2026-04-19T21:45:29.245Z"}
{"context":"InstanceLoader","level":"info","message":"TypeOrmModule dependencies initialized","timestamp":"2026-04-19T21:45:29.246Z"}
{"context":"InstanceLoader","level":"info","message":"TypeOrmModule dependencies initialized","timestamp":"2026-04-19T21:45:29.246Z"}
{"context":"InstanceLoader","level":"info","message":"TypeOrmModule dependencies initialized","timestamp":"2026-04-19T21:45:29.246Z"}
{"context":"InstanceLoader","level":"info","message":"TypeOrmModule dependencies initialized","timestamp":"2026-04-19T21:45:29.247Z"}
{"context":"InstanceLoader","level":"info","message":"FaqModule dependencies initialized","timestamp":"2026-04-19T21:45:29.247Z"}
{"context":"InstanceLoader","level":"info","message":"TestimonialsModule dependencies initialized","timestamp":"2026-04-19T21:45:29.247Z"}
{"context":"InstanceLoader","level":"info","message":"CountriesModule dependencies initialized","timestamp":"2026-04-19T21:45:29.248Z"}
{"context":"InstanceLoader","level":"info","message":"UsersModule dependencies initialized","timestamp":"2026-04-19T21:45:29.248Z"}
{"context":"InstanceLoader","level":"info","message":"AuthModule dependencies initialized","timestamp":"2026-04-19T21:45:29.248Z"}
{"context":"InstanceLoader","level":"info","message":"ServicesModule dependencies initialized","timestamp":"2026-04-19T21:45:29.249Z"}
{"context":"InstanceLoader","level":"info","message":"OrdersModule dependencies initialized","timestamp":"2026-04-19T21:45:29.249Z"}
{"context":"InstanceLoader","level":"info","message":"PaymentsModule dependencies initialized","timestamp":"2026-04-19T21:45:29.249Z"}
{"context":"RoutesResolver","level":"info","message":"AuthController {/api/auth} (version: 1):","timestamp":"2026-04-19T21:45:29.250Z"}
{"context":"RouterExplorer","level":"info","message":"Mapped {/api/auth/register, POST} (version: 1) route","timestamp":"2026-04-19T21:45:29.250Z"}
{"context":"RouterExplorer","level":"info","message":"Mapped {/api/auth/login, POST} (version: 1) route","timestamp":"2026-04-19T21:45:29.251Z"}
{"context":"RouterExplorer","level":"info","message":"Mapped {/api/auth/refresh, POST} (version: 1) route","timestamp":"2026-04-19T21:45:29.252Z"}
{"context":"RouterExplorer","level":"info","message":"Mapped {/api/auth/forgot-password, POST} (version: 1) route","timestamp":"2026-04-19T21:45:29.252Z"}
{"context":"RouterExplorer","level":"info","message":"Mapped {/api/auth/reset-password, POST} (version: 1) route","timestamp":"2026-04-19T21:45:29.253Z"}
{"context":"RoutesResolver","level":"info","message":"UsersController {/api/users} (version: 1):","timestamp":"2026-04-19T21:45:29.254Z"}
{"context":"RouterExplorer","level":"info","message":"Mapped {/api/users/me, GET} (version: 1) route","timestamp":"2026-04-19T21:45:29.254Z"}
{"context":"RouterExplorer","level":"info","message":"Mapped {/api/users/me, PATCH} (version: 1) route","timestamp":"2026-04-19T21:45:29.255Z"}
{"context":"RouterExplorer","level":"info","message":"Mapped {/api/users, GET} (version: 1) route","timestamp":"2026-04-19T21:45:29.256Z"}
{"context":"RouterExplorer","level":"info","message":"Mapped {/api/users/:id, GET} (version: 1) route","timestamp":"2026-04-19T21:45:29.257Z"}
{"context":"RouterExplorer","level":"info","message":"Mapped {/api/users/:id, PATCH} (version: 1) route","timestamp":"2026-04-19T21:45:29.257Z"}
{"context":"RouterExplorer","level":"info","message":"Mapped {/api/users/:id, DELETE} (version: 1) route","timestamp":"2026-04-19T21:45:29.258Z"}
{"context":"RouterExplorer","level":"info","message":"Mapped {/api/users/:id/block, PATCH} (version: 1) route","timestamp":"2026-04-19T21:45:29.258Z"}
{"context":"RouterExplorer","level":"info","message":"Mapped {/api/users/:id/unblock, PATCH} (version: 1) route","timestamp":"2026-04-19T21:45:29.259Z"}
{"context":"RoutesResolver","level":"info","message":"ServicesController {/api/services} (version: 1):","timestamp":"2026-04-19T21:45:29.259Z"}
{"context":"RouterExplorer","level":"info","message":"Mapped {/api/services, GET} (version: 1) route","timestamp":"2026-04-19T21:45:29.259Z"}
{"context":"RouterExplorer","level":"info","message":"Mapped {/api/services/:id, GET} (version: 1) route","timestamp":"2026-04-19T21:45:29.260Z"}
{"context":"RouterExplorer","level":"info","message":"Mapped {/api/services, POST} (version: 1) route","timestamp":"2026-04-19T21:45:29.260Z"}
{"context":"RouterExplorer","level":"info","message":"Mapped {/api/services/:id, PATCH} (version: 1) route","timestamp":"2026-04-19T21:45:29.261Z"}
{"context":"RouterExplorer","level":"info","message":"Mapped {/api/services/:id, DELETE} (version: 1) route","timestamp":"2026-04-19T21:45:29.261Z"}
{"context":"RouterExplorer","level":"info","message":"Mapped {/api/services/:id/toggle-active, PATCH} (version: 1) route","timestamp":"2026-04-19T21:45:29.261Z"}
{"context":"RoutesResolver","level":"info","message":"OrdersController {/api/orders} (version: 1):","timestamp":"2026-04-19T21:45:29.262Z"}
{"context":"RouterExplorer","level":"info","message":"Mapped {/api/orders, POST} (version: 1) route","timestamp":"2026-04-19T21:45:29.262Z"}
{"context":"RouterExplorer","level":"info","message":"Mapped {/api/orders/me, GET} (version: 1) route","timestamp":"2026-04-19T21:45:29.263Z"}
{"context":"RouterExplorer","level":"info","message":"Mapped {/api/orders, GET} (version: 1) route","timestamp":"2026-04-19T21:45:29.263Z"}
{"context":"RouterExplorer","level":"info","message":"Mapped {/api/orders/:id, GET} (version: 1) route","timestamp":"2026-04-19T21:45:29.263Z"}
{"context":"RouterExplorer","level":"info","message":"Mapped {/api/orders/:id/status, PATCH} (version: 1) route","timestamp":"2026-04-19T21:45:29.264Z"}
{"context":"RoutesResolver","level":"info","message":"PaymentsController {/api/payments} (version: 1):","timestamp":"2026-04-19T21:45:29.264Z"}
{"context":"RouterExplorer","level":"info","message":"Mapped {/api/payments/initiate, POST} (version: 1) route","timestamp":"2026-04-19T21:45:29.265Z"}
{"context":"RouterExplorer","level":"info","message":"Mapped {/api/payments/webhook, POST} (version: 1) route","timestamp":"2026-04-19T21:45:29.265Z"}
{"context":"RouterExplorer","level":"info","message":"Mapped {/api/payments/:id, GET} (version: 1) route","timestamp":"2026-04-19T21:45:29.266Z"}
{"context":"RoutesResolver","level":"info","message":"CountriesController {/api/countries} (version: 1):","timestamp":"2026-04-19T21:45:29.266Z"}
{"context":"RouterExplorer","level":"info","message":"Mapped {/api/countries, GET} (version: 1) route","timestamp":"2026-04-19T21:45:29.267Z"}
{"context":"RouterExplorer","level":"info","message":"Mapped {/api/countries/seed, POST} (version: 1) route","timestamp":"2026-04-19T21:45:29.268Z"}
{"context":"RoutesResolver","level":"info","message":"FaqController {/api/faq} (version: 1):","timestamp":"2026-04-19T21:45:29.269Z"}
{"context":"RouterExplorer","level":"info","message":"Mapped {/api/faq, GET} (version: 1) route","timestamp":"2026-04-19T21:45:29.269Z"}
{"context":"RoutesResolver","level":"info","message":"TestimonialsController {/api/testimonials} (version: 1):","timestamp":"2026-04-19T21:45:29.270Z"}
{"context":"RouterExplorer","level":"info","message":"Mapped {/api/testimonials, GET} (version: 1) route","timestamp":"2026-04-19T21:45:29.270Z"}
{"context":"RoutesResolver","level":"info","message":"UploadController {/api/upload} (version: 1):","timestamp":"2026-04-19T21:45:29.271Z"}
{"context":"RouterExplorer","level":"info","message":"Mapped {/api/upload/images, POST} (version: 1) route","timestamp":"2026-04-19T21:45:29.272Z"}
{"context":"RouterExplorer","level":"info","message":"Mapped {/api/upload/videos, POST} (version: 1) route","timestamp":"2026-04-19T21:45:29.272Z"}
{"context":"NestApplication","level":"info","message":"Nest application successfully started","timestamp":"2026-04-19T21:45:29.273Z"}
{"context":"Bootstrap","level":"info","message":"Khairat API running on port 3001","timestamp":"2026-04-19T21:45:29.275Z"}
{"context":"Bootstrap","level":"info","message":"Swagger docs: http://localhost:3001/api/docs","timestamp":"2026-04-19T21:45:29.275Z"}
{"context":"NestFactory","level":"info","message":"Starting Nest application...","timestamp":"2026-04-19T21:48:55.360Z"}
{"context":"InstanceLoader","level":"info","message":"AppModule dependencies initialized","timestamp":"2026-04-19T21:48:55.361Z"}
{"context":"InstanceLoader","level":"info","message":"TypeOrmModule dependencies initialized","timestamp":"2026-04-19T21:48:55.362Z"}
{"context":"InstanceLoader","level":"info","message":"PassportModule dependencies initialized","timestamp":"2026-04-19T21:48:55.362Z"}
{"context":"InstanceLoader","level":"info","message":"ThrottlerModule dependencies initialized","timestamp":"2026-04-19T21:48:55.363Z"}
{"context":"InstanceLoader","level":"info","message":"ConfigHostModule dependencies initialized","timestamp":"2026-04-19T21:48:55.364Z"}
{"context":"InstanceLoader","level":"info","message":"WinstonModule dependencies initialized","timestamp":"2026-04-19T21:48:55.364Z"}
{"context":"InstanceLoader","level":"info","message":"ConfigModule dependencies initialized","timestamp":"2026-04-19T21:48:55.365Z"}
{"context":"InstanceLoader","level":"info","message":"ConfigModule dependencies initialized","timestamp":"2026-04-19T21:48:55.365Z"}
{"context":"InstanceLoader","level":"info","message":"JwtModule dependencies initialized","timestamp":"2026-04-19T21:48:55.366Z"}
{"context":"InstanceLoader","level":"info","message":"UploadModule dependencies initialized","timestamp":"2026-04-19T21:48:55.366Z"}
{"context":"InstanceLoader","level":"info","message":"TypeOrmCoreModule dependencies initialized","timestamp":"2026-04-19T21:48:55.367Z"}
{"context":"InstanceLoader","level":"info","message":"TypeOrmModule dependencies initialized","timestamp":"2026-04-19T21:48:55.367Z"}
{"context":"InstanceLoader","level":"info","message":"TypeOrmModule dependencies initialized","timestamp":"2026-04-19T21:48:55.367Z"}
{"context":"InstanceLoader","level":"info","message":"TypeOrmModule dependencies initialized","timestamp":"2026-04-19T21:48:55.368Z"}
{"context":"InstanceLoader","level":"info","message":"TypeOrmModule dependencies initialized","timestamp":"2026-04-19T21:48:55.368Z"}
{"context":"InstanceLoader","level":"info","message":"TypeOrmModule dependencies initialized","timestamp":"2026-04-19T21:48:55.368Z"}
{"context":"InstanceLoader","level":"info","message":"TypeOrmModule dependencies initialized","timestamp":"2026-04-19T21:48:55.368Z"}
{"context":"InstanceLoader","level":"info","message":"TypeOrmModule dependencies initialized","timestamp":"2026-04-19T21:48:55.369Z"}
{"context":"InstanceLoader","level":"info","message":"FaqModule dependencies initialized","timestamp":"2026-04-19T21:48:55.369Z"}
{"context":"InstanceLoader","level":"info","message":"TestimonialsModule dependencies initialized","timestamp":"2026-04-19T21:48:55.369Z"}
{"context":"InstanceLoader","level":"info","message":"CountriesModule dependencies initialized","timestamp":"2026-04-19T21:48:55.370Z"}
{"context":"InstanceLoader","level":"info","message":"UsersModule dependencies initialized","timestamp":"2026-04-19T21:48:55.370Z"}
{"context":"InstanceLoader","level":"info","message":"AuthModule dependencies initialized","timestamp":"2026-04-19T21:48:55.370Z"}
{"context":"InstanceLoader","level":"info","message":"ServicesModule dependencies initialized","timestamp":"2026-04-19T21:48:55.370Z"}
{"context":"InstanceLoader","level":"info","message":"OrdersModule dependencies initialized","timestamp":"2026-04-19T21:48:55.371Z"}
{"context":"InstanceLoader","level":"info","message":"PaymentsModule dependencies initialized","timestamp":"2026-04-19T21:48:55.371Z"}
{"context":"RoutesResolver","level":"info","message":"AuthController {/api/auth} (version: 1):","timestamp":"2026-04-19T21:48:55.371Z"}
{"context":"RouterExplorer","level":"info","message":"Mapped {/api/auth/register, POST} (version: 1) route","timestamp":"2026-04-19T21:48:55.371Z"}
{"context":"RouterExplorer","level":"info","message":"Mapped {/api/auth/login, POST} (version: 1) route","timestamp":"2026-04-19T21:48:55.372Z"}
{"context":"RouterExplorer","level":"info","message":"Mapped {/api/auth/refresh, POST} (version: 1) route","timestamp":"2026-04-19T21:48:55.372Z"}
{"context":"RouterExplorer","level":"info","message":"Mapped {/api/auth/forgot-password, POST} (version: 1) route","timestamp":"2026-04-19T21:48:55.372Z"}
{"context":"RouterExplorer","level":"info","message":"Mapped {/api/auth/reset-password, POST} (version: 1) route","timestamp":"2026-04-19T21:48:55.372Z"}
{"context":"RoutesResolver","level":"info","message":"UsersController {/api/users} (version: 1):","timestamp":"2026-04-19T21:48:55.373Z"}
{"context":"RouterExplorer","level":"info","message":"Mapped {/api/users/me, GET} (version: 1) route","timestamp":"2026-04-19T21:48:55.373Z"}
{"context":"RouterExplorer","level":"info","message":"Mapped {/api/users/me, PATCH} (version: 1) route","timestamp":"2026-04-19T21:48:55.373Z"}
{"context":"RouterExplorer","level":"info","message":"Mapped {/api/users, GET} (version: 1) route","timestamp":"2026-04-19T21:48:55.373Z"}
{"context":"RouterExplorer","level":"info","message":"Mapped {/api/users/:id, GET} (version: 1) route","timestamp":"2026-04-19T21:48:55.374Z"}
{"context":"RouterExplorer","level":"info","message":"Mapped {/api/users/:id, PATCH} (version: 1) route","timestamp":"2026-04-19T21:48:55.374Z"}
{"context":"RouterExplorer","level":"info","message":"Mapped {/api/users/:id, DELETE} (version: 1) route","timestamp":"2026-04-19T21:48:55.374Z"}
{"context":"RouterExplorer","level":"info","message":"Mapped {/api/users/:id/block, PATCH} (version: 1) route","timestamp":"2026-04-19T21:48:55.374Z"}
{"context":"RouterExplorer","level":"info","message":"Mapped {/api/users/:id/unblock, PATCH} (version: 1) route","timestamp":"2026-04-19T21:48:55.375Z"}
{"context":"RoutesResolver","level":"info","message":"ServicesController {/api/services} (version: 1):","timestamp":"2026-04-19T21:48:55.375Z"}
{"context":"RouterExplorer","level":"info","message":"Mapped {/api/services, GET} (version: 1) route","timestamp":"2026-04-19T21:48:55.375Z"}
{"context":"RouterExplorer","level":"info","message":"Mapped {/api/services/:id, GET} (version: 1) route","timestamp":"2026-04-19T21:48:55.376Z"}
{"context":"RouterExplorer","level":"info","message":"Mapped {/api/services, POST} (version: 1) route","timestamp":"2026-04-19T21:48:55.376Z"}
{"context":"RouterExplorer","level":"info","message":"Mapped {/api/services/:id, PATCH} (version: 1) route","timestamp":"2026-04-19T21:48:55.376Z"}
{"context":"RouterExplorer","level":"info","message":"Mapped {/api/services/:id, DELETE} (version: 1) route","timestamp":"2026-04-19T21:48:55.377Z"}
{"context":"RouterExplorer","level":"info","message":"Mapped {/api/services/:id/toggle-active, PATCH} (version: 1) route","timestamp":"2026-04-19T21:48:55.377Z"}
{"context":"RoutesResolver","level":"info","message":"OrdersController {/api/orders} (version: 1):","timestamp":"2026-04-19T21:48:55.377Z"}
{"context":"RouterExplorer","level":"info","message":"Mapped {/api/orders, POST} (version: 1) route","timestamp":"2026-04-19T21:48:55.377Z"}
{"context":"RouterExplorer","level":"info","message":"Mapped {/api/orders/me, GET} (version: 1) route","timestamp":"2026-04-19T21:48:55.378Z"}
{"context":"RouterExplorer","level":"info","message":"Mapped {/api/orders, GET} (version: 1) route","timestamp":"2026-04-19T21:48:55.378Z"}
{"context":"RouterExplorer","level":"info","message":"Mapped {/api/orders/:id, GET} (version: 1) route","timestamp":"2026-04-19T21:48:55.378Z"}
{"context":"RouterExplorer","level":"info","message":"Mapped {/api/orders/:id/status, PATCH} (version: 1) route","timestamp":"2026-04-19T21:48:55.378Z"}
{"context":"RoutesResolver","level":"info","message":"PaymentsController {/api/payments} (version: 1):","timestamp":"2026-04-19T21:48:55.379Z"}
{"context":"RouterExplorer","level":"info","message":"Mapped {/api/payments/initiate, POST} (version: 1) route","timestamp":"2026-04-19T21:48:55.379Z"}
{"context":"RouterExplorer","level":"info","message":"Mapped {/api/payments/webhook, POST} (version: 1) route","timestamp":"2026-04-19T21:48:55.379Z"}
{"context":"RouterExplorer","level":"info","message":"Mapped {/api/payments/:id, GET} (version: 1) route","timestamp":"2026-04-19T21:48:55.380Z"}
{"context":"RoutesResolver","level":"info","message":"CountriesController {/api/countries} (version: 1):","timestamp":"2026-04-19T21:48:55.380Z"}
{"context":"RouterExplorer","level":"info","message":"Mapped {/api/countries, GET} (version: 1) route","timestamp":"2026-04-19T21:48:55.380Z"}
{"context":"RouterExplorer","level":"info","message":"Mapped {/api/countries/seed, POST} (version: 1) route","timestamp":"2026-04-19T21:48:55.381Z"}
{"context":"RoutesResolver","level":"info","message":"FaqController {/api/faq} (version: 1):","timestamp":"2026-04-19T21:48:55.381Z"}
{"context":"RouterExplorer","level":"info","message":"Mapped {/api/faq, GET} (version: 1) route","timestamp":"2026-04-19T21:48:55.381Z"}
{"context":"RoutesResolver","level":"info","message":"TestimonialsController {/api/testimonials} (version: 1):","timestamp":"2026-04-19T21:48:55.382Z"}
{"context":"RouterExplorer","level":"info","message":"Mapped {/api/testimonials, GET} (version: 1) route","timestamp":"2026-04-19T21:48:55.383Z"}
{"context":"RoutesResolver","level":"info","message":"UploadController {/api/upload} (version: 1):","timestamp":"2026-04-19T21:48:55.383Z"}
{"context":"RouterExplorer","level":"info","message":"Mapped {/api/upload/images, POST} (version: 1) route","timestamp":"2026-04-19T21:48:55.383Z"}
{"context":"RouterExplorer","level":"info","message":"Mapped {/api/upload/videos, POST} (version: 1) route","timestamp":"2026-04-19T21:48:55.384Z"}
{"context":"NestApplication","level":"info","message":"Nest application successfully started","timestamp":"2026-04-19T21:48:55.384Z"}
{"context":"Bootstrap","level":"info","message":"Khairat API running on port 3001","timestamp":"2026-04-19T21:48:55.385Z"}
{"context":"Bootstrap","level":"info","message":"Swagger docs: http://localhost:3001/api/docs","timestamp":"2026-04-19T21:48:55.385Z"}
{"context":"NestFactory","level":"info","message":"Starting Nest application...","timestamp":"2026-04-19T22:21:23.693Z"}
{"context":"InstanceLoader","level":"info","message":"AppModule dependencies initialized","timestamp":"2026-04-19T22:21:23.694Z"}
{"context":"InstanceLoader","level":"info","message":"TypeOrmModule dependencies initialized","timestamp":"2026-04-19T22:21:23.695Z"}
{"context":"InstanceLoader","level":"info","message":"PassportModule dependencies initialized","timestamp":"2026-04-19T22:21:23.696Z"}
{"context":"InstanceLoader","level":"info","message":"ThrottlerModule dependencies initialized","timestamp":"2026-04-19T22:21:23.697Z"}
{"context":"InstanceLoader","level":"info","message":"ConfigHostModule dependencies initialized","timestamp":"2026-04-19T22:21:23.697Z"}
{"context":"InstanceLoader","level":"info","message":"WinstonModule dependencies initialized","timestamp":"2026-04-19T22:21:23.698Z"}
{"context":"InstanceLoader","level":"info","message":"ConfigModule dependencies initialized","timestamp":"2026-04-19T22:21:23.699Z"}
{"context":"InstanceLoader","level":"info","message":"ConfigModule dependencies initialized","timestamp":"2026-04-19T22:21:23.699Z"}
{"context":"InstanceLoader","level":"info","message":"JwtModule dependencies initialized","timestamp":"2026-04-19T22:21:23.700Z"}
{"context":"InstanceLoader","level":"info","message":"UploadModule dependencies initialized","timestamp":"2026-04-19T22:21:23.700Z"}
{"context":"InstanceLoader","level":"info","message":"TypeOrmCoreModule dependencies initialized","timestamp":"2026-04-19T22:21:23.701Z"}
{"context":"InstanceLoader","level":"info","message":"TypeOrmModule dependencies initialized","timestamp":"2026-04-19T22:21:23.701Z"}
{"context":"InstanceLoader","level":"info","message":"TypeOrmModule dependencies initialized","timestamp":"2026-04-19T22:21:23.701Z"}
{"context":"InstanceLoader","level":"info","message":"TypeOrmModule dependencies initialized","timestamp":"2026-04-19T22:21:23.702Z"}
{"context":"InstanceLoader","level":"info","message":"TypeOrmModule dependencies initialized","timestamp":"2026-04-19T22:21:23.703Z"}
{"context":"InstanceLoader","level":"info","message":"TypeOrmModule dependencies initialized","timestamp":"2026-04-19T22:21:23.703Z"}
{"context":"InstanceLoader","level":"info","message":"TypeOrmModule dependencies initialized","timestamp":"2026-04-19T22:21:23.704Z"}
{"context":"InstanceLoader","level":"info","message":"TypeOrmModule dependencies initialized","timestamp":"2026-04-19T22:21:23.704Z"}
{"context":"InstanceLoader","level":"info","message":"FaqModule dependencies initialized","timestamp":"2026-04-19T22:21:23.704Z"}
{"context":"InstanceLoader","level":"info","message":"TestimonialsModule dependencies initialized","timestamp":"2026-04-19T22:21:23.705Z"}
{"context":"InstanceLoader","level":"info","message":"CountriesModule dependencies initialized","timestamp":"2026-04-19T22:21:23.706Z"}
{"context":"InstanceLoader","level":"info","message":"UsersModule dependencies initialized","timestamp":"2026-04-19T22:21:23.707Z"}
{"context":"InstanceLoader","level":"info","message":"AuthModule dependencies initialized","timestamp":"2026-04-19T22:21:23.707Z"}
{"context":"InstanceLoader","level":"info","message":"ServicesModule dependencies initialized","timestamp":"2026-04-19T22:21:23.708Z"}
{"context":"InstanceLoader","level":"info","message":"OrdersModule dependencies initialized","timestamp":"2026-04-19T22:21:23.709Z"}
{"context":"InstanceLoader","level":"info","message":"PaymentsModule dependencies initialized","timestamp":"2026-04-19T22:21:23.710Z"}
{"context":"RoutesResolver","level":"info","message":"AuthController {/api/auth} (version: 1):","timestamp":"2026-04-19T22:21:23.710Z"}
{"context":"RouterExplorer","level":"info","message":"Mapped {/api/auth/register, POST} (version: 1) route","timestamp":"2026-04-19T22:21:23.711Z"}
{"context":"RouterExplorer","level":"info","message":"Mapped {/api/auth/login, POST} (version: 1) route","timestamp":"2026-04-19T22:21:23.712Z"}
{"context":"RouterExplorer","level":"info","message":"Mapped {/api/auth/refresh, POST} (version: 1) route","timestamp":"2026-04-19T22:21:23.713Z"}
{"context":"RouterExplorer","level":"info","message":"Mapped {/api/auth/forgot-password, POST} (version: 1) route","timestamp":"2026-04-19T22:21:23.713Z"}
{"context":"RouterExplorer","level":"info","message":"Mapped {/api/auth/reset-password, POST} (version: 1) route","timestamp":"2026-04-19T22:21:23.714Z"}
{"context":"RoutesResolver","level":"info","message":"UsersController {/api/users} (version: 1):","timestamp":"2026-04-19T22:21:23.715Z"}
{"context":"RouterExplorer","level":"info","message":"Mapped {/api/users/me, GET} (version: 1) route","timestamp":"2026-04-19T22:21:23.715Z"}
{"context":"RouterExplorer","level":"info","message":"Mapped {/api/users/me, PATCH} (version: 1) route","timestamp":"2026-04-19T22:21:23.716Z"}
{"context":"RouterExplorer","level":"info","message":"Mapped {/api/users, GET} (version: 1) route","timestamp":"2026-04-19T22:21:23.716Z"}
{"context":"RouterExplorer","level":"info","message":"Mapped {/api/users/:id, GET} (version: 1) route","timestamp":"2026-04-19T22:21:23.716Z"}
{"context":"RouterExplorer","level":"info","message":"Mapped {/api/users/:id, PATCH} (version: 1) route","timestamp":"2026-04-19T22:21:23.717Z"}
{"context":"RouterExplorer","level":"info","message":"Mapped {/api/users/:id, DELETE} (version: 1) route","timestamp":"2026-04-19T22:21:23.717Z"}
{"context":"RouterExplorer","level":"info","message":"Mapped {/api/users/:id/block, PATCH} (version: 1) route","timestamp":"2026-04-19T22:21:23.717Z"}
{"context":"RouterExplorer","level":"info","message":"Mapped {/api/users/:id/unblock, PATCH} (version: 1) route","timestamp":"2026-04-19T22:21:23.718Z"}
{"context":"RoutesResolver","level":"info","message":"ServicesController {/api/services} (version: 1):","timestamp":"2026-04-19T22:21:23.718Z"}
{"context":"RouterExplorer","level":"info","message":"Mapped {/api/services, GET} (version: 1) route","timestamp":"2026-04-19T22:21:23.718Z"}
{"context":"RouterExplorer","level":"info","message":"Mapped {/api/services/:id, GET} (version: 1) route","timestamp":"2026-04-19T22:21:23.719Z"}
{"context":"RouterExplorer","level":"info","message":"Mapped {/api/services, POST} (version: 1) route","timestamp":"2026-04-19T22:21:23.719Z"}
{"context":"RouterExplorer","level":"info","message":"Mapped {/api/services/:id, PATCH} (version: 1) route","timestamp":"2026-04-19T22:21:23.720Z"}
{"context":"RouterExplorer","level":"info","message":"Mapped {/api/services/:id, DELETE} (version: 1) route","timestamp":"2026-04-19T22:21:23.721Z"}
{"context":"RouterExplorer","level":"info","message":"Mapped {/api/services/:id/toggle-active, PATCH} (version: 1) route","timestamp":"2026-04-19T22:21:23.721Z"}
{"context":"RoutesResolver","level":"info","message":"OrdersController {/api/orders} (version: 1):","timestamp":"2026-04-19T22:21:23.721Z"}
{"context":"RouterExplorer","level":"info","message":"Mapped {/api/orders, POST} (version: 1) route","timestamp":"2026-04-19T22:21:23.722Z"}
{"context":"RouterExplorer","level":"info","message":"Mapped {/api/orders/me, GET} (version: 1) route","timestamp":"2026-04-19T22:21:23.722Z"}
{"context":"RouterExplorer","level":"info","message":"Mapped {/api/orders, GET} (version: 1) route","timestamp":"2026-04-19T22:21:23.723Z"}
{"context":"RouterExplorer","level":"info","message":"Mapped {/api/orders/:id, GET} (version: 1) route","timestamp":"2026-04-19T22:21:23.723Z"}
{"context":"RouterExplorer","level":"info","message":"Mapped {/api/orders/:id/status, PATCH} (version: 1) route","timestamp":"2026-04-19T22:21:23.724Z"}
{"context":"RoutesResolver","level":"info","message":"PaymentsController {/api/payments} (version: 1):","timestamp":"2026-04-19T22:21:23.724Z"}
{"context":"RouterExplorer","level":"info","message":"Mapped {/api/payments/initiate, POST} (version: 1) route","timestamp":"2026-04-19T22:21:23.725Z"}
{"context":"RouterExplorer","level":"info","message":"Mapped {/api/payments/webhook, POST} (version: 1) route","timestamp":"2026-04-19T22:21:23.725Z"}
{"context":"RouterExplorer","level":"info","message":"Mapped {/api/payments/:id, GET} (version: 1) route","timestamp":"2026-04-19T22:21:23.725Z"}
{"context":"RoutesResolver","level":"info","message":"CountriesController {/api/countries} (version: 1):","timestamp":"2026-04-19T22:21:23.725Z"}
{"context":"RouterExplorer","level":"info","message":"Mapped {/api/countries, GET} (version: 1) route","timestamp":"2026-04-19T22:21:23.726Z"}
{"context":"RouterExplorer","level":"info","message":"Mapped {/api/countries/seed, POST} (version: 1) route","timestamp":"2026-04-19T22:21:23.726Z"}
{"context":"RoutesResolver","level":"info","message":"FaqController {/api/faq} (version: 1):","timestamp":"2026-04-19T22:21:23.726Z"}
{"context":"RouterExplorer","level":"info","message":"Mapped {/api/faq, GET} (version: 1) route","timestamp":"2026-04-19T22:21:23.727Z"}
{"context":"RoutesResolver","level":"info","message":"TestimonialsController {/api/testimonials} (version: 1):","timestamp":"2026-04-19T22:21:23.727Z"}
{"context":"RouterExplorer","level":"info","message":"Mapped {/api/testimonials, GET} (version: 1) route","timestamp":"2026-04-19T22:21:23.727Z"}
{"context":"RoutesResolver","level":"info","message":"UploadController {/api/upload} (version: 1):","timestamp":"2026-04-19T22:21:23.728Z"}
{"context":"RouterExplorer","level":"info","message":"Mapped {/api/upload/images, POST} (version: 1) route","timestamp":"2026-04-19T22:21:23.728Z"}
{"context":"RouterExplorer","level":"info","message":"Mapped {/api/upload/videos, POST} (version: 1) route","timestamp":"2026-04-19T22:21:23.728Z"}
{"context":"NestApplication","level":"info","message":"Nest application successfully started","timestamp":"2026-04-19T22:21:23.728Z"}
{"context":"Bootstrap","level":"info","message":"Khairat API running on port 3001","timestamp":"2026-04-19T22:21:23.730Z"}
{"context":"Bootstrap","level":"info","message":"Swagger docs: http://localhost:3001/api/docs","timestamp":"2026-04-19T22:21:23.730Z"}
{"context":"NestFactory","level":"info","message":"Starting Nest application...","timestamp":"2026-04-19T22:21:29.625Z"}
{"context":"InstanceLoader","level":"info","message":"AppModule dependencies initialized","timestamp":"2026-04-19T22:21:29.626Z"}
{"context":"InstanceLoader","level":"info","message":"TypeOrmModule dependencies initialized","timestamp":"2026-04-19T22:21:29.627Z"}
{"context":"InstanceLoader","level":"info","message":"PassportModule dependencies initialized","timestamp":"2026-04-19T22:21:29.627Z"}
{"context":"InstanceLoader","level":"info","message":"ThrottlerModule dependencies initialized","timestamp":"2026-04-19T22:21:29.628Z"}
{"context":"InstanceLoader","level":"info","message":"ConfigHostModule dependencies initialized","timestamp":"2026-04-19T22:21:29.628Z"}
{"context":"InstanceLoader","level":"info","message":"WinstonModule dependencies initialized","timestamp":"2026-04-19T22:21:29.628Z"}
{"context":"InstanceLoader","level":"info","message":"ConfigModule dependencies initialized","timestamp":"2026-04-19T22:21:29.629Z"}
{"context":"InstanceLoader","level":"info","message":"ConfigModule dependencies initialized","timestamp":"2026-04-19T22:21:29.629Z"}
{"context":"InstanceLoader","level":"info","message":"JwtModule dependencies initialized","timestamp":"2026-04-19T22:21:29.630Z"}
{"context":"InstanceLoader","level":"info","message":"UploadModule dependencies initialized","timestamp":"2026-04-19T22:21:29.630Z"}
{"context":"InstanceLoader","level":"info","message":"TypeOrmCoreModule dependencies initialized","timestamp":"2026-04-19T22:21:29.631Z"}
{"context":"InstanceLoader","level":"info","message":"TypeOrmModule dependencies initialized","timestamp":"2026-04-19T22:21:29.631Z"}
{"context":"InstanceLoader","level":"info","message":"TypeOrmModule dependencies initialized","timestamp":"2026-04-19T22:21:29.631Z"}
{"context":"InstanceLoader","level":"info","message":"TypeOrmModule dependencies initialized","timestamp":"2026-04-19T22:21:29.632Z"}
{"context":"InstanceLoader","level":"info","message":"TypeOrmModule dependencies initialized","timestamp":"2026-04-19T22:21:29.632Z"}
{"context":"InstanceLoader","level":"info","message":"TypeOrmModule dependencies initialized","timestamp":"2026-04-19T22:21:29.632Z"}
{"context":"InstanceLoader","level":"info","message":"TypeOrmModule dependencies initialized","timestamp":"2026-04-19T22:21:29.633Z"}
{"context":"InstanceLoader","level":"info","message":"TypeOrmModule dependencies initialized","timestamp":"2026-04-19T22:21:29.633Z"}
{"context":"InstanceLoader","level":"info","message":"FaqModule dependencies initialized","timestamp":"2026-04-19T22:21:29.633Z"}
{"context":"InstanceLoader","level":"info","message":"TestimonialsModule dependencies initialized","timestamp":"2026-04-19T22:21:29.633Z"}
{"context":"InstanceLoader","level":"info","message":"CountriesModule dependencies initialized","timestamp":"2026-04-19T22:21:29.634Z"}
{"context":"InstanceLoader","level":"info","message":"UsersModule dependencies initialized","timestamp":"2026-04-19T22:21:29.634Z"}
{"context":"InstanceLoader","level":"info","message":"AuthModule dependencies initialized","timestamp":"2026-04-19T22:21:29.634Z"}
{"context":"InstanceLoader","level":"info","message":"ServicesModule dependencies initialized","timestamp":"2026-04-19T22:21:29.634Z"}
{"context":"InstanceLoader","level":"info","message":"OrdersModule dependencies initialized","timestamp":"2026-04-19T22:21:29.635Z"}
{"context":"InstanceLoader","level":"info","message":"PaymentsModule dependencies initialized","timestamp":"2026-04-19T22:21:29.635Z"}
{"context":"RoutesResolver","level":"info","message":"AuthController {/api/auth} (version: 1):","timestamp":"2026-04-19T22:21:29.635Z"}
{"context":"RouterExplorer","level":"info","message":"Mapped {/api/auth/register, POST} (version: 1) route","timestamp":"2026-04-19T22:21:29.636Z"}
{"context":"RouterExplorer","level":"info","message":"Mapped {/api/auth/login, POST} (version: 1) route","timestamp":"2026-04-19T22:21:29.636Z"}
{"context":"RouterExplorer","level":"info","message":"Mapped {/api/auth/refresh, POST} (version: 1) route","timestamp":"2026-04-19T22:21:29.637Z"}
{"context":"RouterExplorer","level":"info","message":"Mapped {/api/auth/forgot-password, POST} (version: 1) route","timestamp":"2026-04-19T22:21:29.637Z"}
{"context":"RouterExplorer","level":"info","message":"Mapped {/api/auth/reset-password, POST} (version: 1) route","timestamp":"2026-04-19T22:21:29.638Z"}
{"context":"RoutesResolver","level":"info","message":"UsersController {/api/users} (version: 1):","timestamp":"2026-04-19T22:21:29.638Z"}
{"context":"RouterExplorer","level":"info","message":"Mapped {/api/users/me, GET} (version: 1) route","timestamp":"2026-04-19T22:21:29.639Z"}
{"context":"RouterExplorer","level":"info","message":"Mapped {/api/users/me, PATCH} (version: 1) route","timestamp":"2026-04-19T22:21:29.639Z"}
{"context":"RouterExplorer","level":"info","message":"Mapped {/api/users, GET} (version: 1) route","timestamp":"2026-04-19T22:21:29.640Z"}
{"context":"RouterExplorer","level":"info","message":"Mapped {/api/users/:id, GET} (version: 1) route","timestamp":"2026-04-19T22:21:29.640Z"}
{"context":"RouterExplorer","level":"info","message":"Mapped {/api/users/:id, PATCH} (version: 1) route","timestamp":"2026-04-19T22:21:29.641Z"}
{"context":"RouterExplorer","level":"info","message":"Mapped {/api/users/:id, DELETE} (version: 1) route","timestamp":"2026-04-19T22:21:29.641Z"}
{"context":"RouterExplorer","level":"info","message":"Mapped {/api/users/:id/block, PATCH} (version: 1) route","timestamp":"2026-04-19T22:21:29.642Z"}
{"context":"RouterExplorer","level":"info","message":"Mapped {/api/users/:id/unblock, PATCH} (version: 1) route","timestamp":"2026-04-19T22:21:29.642Z"}
{"context":"RoutesResolver","level":"info","message":"ServicesController {/api/services} (version: 1):","timestamp":"2026-04-19T22:21:29.642Z"}
{"context":"RouterExplorer","level":"info","message":"Mapped {/api/services, GET} (version: 1) route","timestamp":"2026-04-19T22:21:29.643Z"}
{"context":"RouterExplorer","level":"info","message":"Mapped {/api/services/:id, GET} (version: 1) route","timestamp":"2026-04-19T22:21:29.643Z"}
{"context":"RouterExplorer","level":"info","message":"Mapped {/api/services, POST} (version: 1) route","timestamp":"2026-04-19T22:21:29.643Z"}
{"context":"RouterExplorer","level":"info","message":"Mapped {/api/services/:id, PATCH} (version: 1) route","timestamp":"2026-04-19T22:21:29.644Z"}
{"context":"RouterExplorer","level":"info","message":"Mapped {/api/services/:id, DELETE} (version: 1) route","timestamp":"2026-04-19T22:21:29.644Z"}
{"context":"RouterExplorer","level":"info","message":"Mapped {/api/services/:id/toggle-active, PATCH} (version: 1) route","timestamp":"2026-04-19T22:21:29.645Z"}
{"context":"RoutesResolver","level":"info","message":"OrdersController {/api/orders} (version: 1):","timestamp":"2026-04-19T22:21:29.645Z"}
{"context":"RouterExplorer","level":"info","message":"Mapped {/api/orders, POST} (version: 1) route","timestamp":"2026-04-19T22:21:29.645Z"}
{"context":"RouterExplorer","level":"info","message":"Mapped {/api/orders/me, GET} (version: 1) route","timestamp":"2026-04-19T22:21:29.646Z"}
{"context":"RouterExplorer","level":"info","message":"Mapped {/api/orders, GET} (version: 1) route","timestamp":"2026-04-19T22:21:29.646Z"}
{"context":"RouterExplorer","level":"info","message":"Mapped {/api/orders/:id, GET} (version: 1) route","timestamp":"2026-04-19T22:21:29.646Z"}
{"context":"RouterExplorer","level":"info","message":"Mapped {/api/orders/:id/status, PATCH} (version: 1) route","timestamp":"2026-04-19T22:21:29.647Z"}
{"context":"RoutesResolver","level":"info","message":"PaymentsController {/api/payments} (version: 1):","timestamp":"2026-04-19T22:21:29.647Z"}
{"context":"RouterExplorer","level":"info","message":"Mapped {/api/payments/initiate, POST} (version: 1) route","timestamp":"2026-04-19T22:21:29.647Z"}
{"context":"RouterExplorer","level":"info","message":"Mapped {/api/payments/webhook, POST} (version: 1) route","timestamp":"2026-04-19T22:21:29.648Z"}
{"context":"RouterExplorer","level":"info","message":"Mapped {/api/payments/:id, GET} (version: 1) route","timestamp":"2026-04-19T22:21:29.648Z"}
{"context":"RoutesResolver","level":"info","message":"CountriesController {/api/countries} (version: 1):","timestamp":"2026-04-19T22:21:29.648Z"}
{"context":"RouterExplorer","level":"info","message":"Mapped {/api/countries, GET} (version: 1) route","timestamp":"2026-04-19T22:21:29.649Z"}
{"context":"RouterExplorer","level":"info","message":"Mapped {/api/countries/seed, POST} (version: 1) route","timestamp":"2026-04-19T22:21:29.649Z"}
{"context":"RoutesResolver","level":"info","message":"FaqController {/api/faq} (version: 1):","timestamp":"2026-04-19T22:21:29.649Z"}
{"context":"RouterExplorer","level":"info","message":"Mapped {/api/faq, GET} (version: 1) route","timestamp":"2026-04-19T22:21:29.649Z"}
{"context":"RoutesResolver","level":"info","message":"TestimonialsController {/api/testimonials} (version: 1):","timestamp":"2026-04-19T22:21:29.650Z"}
{"context":"RouterExplorer","level":"info","message":"Mapped {/api/testimonials, GET} (version: 1) route","timestamp":"2026-04-19T22:21:29.650Z"}
{"context":"RoutesResolver","level":"info","message":"UploadController {/api/upload} (version: 1):","timestamp":"2026-04-19T22:21:29.650Z"}
{"context":"RouterExplorer","level":"info","message":"Mapped {/api/upload/images, POST} (version: 1) route","timestamp":"2026-04-19T22:21:29.651Z"}
{"context":"RouterExplorer","level":"info","message":"Mapped {/api/upload/videos, POST} (version: 1) route","timestamp":"2026-04-19T22:21:29.651Z"}
{"context":"RouterExplorer","level":"info","message":"Mapped {/api/upload/delete, POST} (version: 1) route","timestamp":"2026-04-19T22:21:29.651Z"}
{"context":"NestApplication","level":"info","message":"Nest application successfully started","timestamp":"2026-04-19T22:21:29.652Z"}
{"context":"Bootstrap","level":"info","message":"Khairat API running on port 3001","timestamp":"2026-04-19T22:21:29.653Z"}
{"context":"Bootstrap","level":"info","message":"Swagger docs: http://localhost:3001/api/docs","timestamp":"2026-04-19T22:21:29.653Z"}
{"context":"NestFactory","level":"info","message":"Starting Nest application...","timestamp":"2026-04-19T23:17:57.765Z"}
{"context":"InstanceLoader","level":"info","message":"AppModule dependencies initialized","timestamp":"2026-04-19T23:17:57.766Z"}
{"context":"InstanceLoader","level":"info","message":"TypeOrmModule dependencies initialized","timestamp":"2026-04-19T23:17:57.767Z"}
{"context":"InstanceLoader","level":"info","message":"PassportModule dependencies initialized","timestamp":"2026-04-19T23:17:57.767Z"}
{"context":"InstanceLoader","level":"info","message":"ThrottlerModule dependencies initialized","timestamp":"2026-04-19T23:17:57.768Z"}
{"context":"InstanceLoader","level":"info","message":"ConfigHostModule dependencies initialized","timestamp":"2026-04-19T23:17:57.768Z"}
{"context":"InstanceLoader","level":"info","message":"WinstonModule dependencies initialized","timestamp":"2026-04-19T23:17:57.769Z"}
{"context":"InstanceLoader","level":"info","message":"ConfigModule dependencies initialized","timestamp":"2026-04-19T23:17:57.770Z"}
{"context":"InstanceLoader","level":"info","message":"ConfigModule dependencies initialized","timestamp":"2026-04-19T23:17:57.770Z"}
{"context":"InstanceLoader","level":"info","message":"JwtModule dependencies initialized","timestamp":"2026-04-19T23:17:57.771Z"}
{"context":"InstanceLoader","level":"info","message":"UploadModule dependencies initialized","timestamp":"2026-04-19T23:17:57.771Z"}
{"context":"InstanceLoader","level":"info","message":"TypeOrmCoreModule dependencies initialized","timestamp":"2026-04-19T23:17:57.772Z"}
{"context":"InstanceLoader","level":"info","message":"TypeOrmModule dependencies initialized","timestamp":"2026-04-19T23:17:57.772Z"}
{"context":"InstanceLoader","level":"info","message":"TypeOrmModule dependencies initialized","timestamp":"2026-04-19T23:17:57.772Z"}
{"context":"InstanceLoader","level":"info","message":"TypeOrmModule dependencies initialized","timestamp":"2026-04-19T23:17:57.773Z"}
{"context":"InstanceLoader","level":"info","message":"TypeOrmModule dependencies initialized","timestamp":"2026-04-19T23:17:57.773Z"}
{"context":"InstanceLoader","level":"info","message":"TypeOrmModule dependencies initialized","timestamp":"2026-04-19T23:17:57.773Z"}
{"context":"InstanceLoader","level":"info","message":"TypeOrmModule dependencies initialized","timestamp":"2026-04-19T23:17:57.773Z"}
{"context":"InstanceLoader","level":"info","message":"TypeOrmModule dependencies initialized","timestamp":"2026-04-19T23:17:57.774Z"}
{"context":"InstanceLoader","level":"info","message":"FaqModule dependencies initialized","timestamp":"2026-04-19T23:17:57.774Z"}
{"context":"InstanceLoader","level":"info","message":"TestimonialsModule dependencies initialized","timestamp":"2026-04-19T23:17:57.774Z"}
{"context":"InstanceLoader","level":"info","message":"CountriesModule dependencies initialized","timestamp":"2026-04-19T23:17:57.775Z"}
{"context":"InstanceLoader","level":"info","message":"UsersModule dependencies initialized","timestamp":"2026-04-19T23:17:57.775Z"}
{"context":"InstanceLoader","level":"info","message":"AuthModule dependencies initialized","timestamp":"2026-04-19T23:17:57.775Z"}
{"context":"InstanceLoader","level":"info","message":"ServicesModule dependencies initialized","timestamp":"2026-04-19T23:17:57.776Z"}
{"context":"InstanceLoader","level":"info","message":"OrdersModule dependencies initialized","timestamp":"2026-04-19T23:17:57.776Z"}
{"context":"InstanceLoader","level":"info","message":"PaymentsModule dependencies initialized","timestamp":"2026-04-19T23:17:57.776Z"}
{"context":"RoutesResolver","level":"info","message":"AuthController {/api/auth} (version: 1):","timestamp":"2026-04-19T23:17:57.776Z"}
{"context":"RouterExplorer","level":"info","message":"Mapped {/api/auth/register, POST} (version: 1) route","timestamp":"2026-04-19T23:17:57.777Z"}
{"context":"RouterExplorer","level":"info","message":"Mapped {/api/auth/login, POST} (version: 1) route","timestamp":"2026-04-19T23:17:57.777Z"}
{"context":"RouterExplorer","level":"info","message":"Mapped {/api/auth/refresh, POST} (version: 1) route","timestamp":"2026-04-19T23:17:57.777Z"}
{"context":"RouterExplorer","level":"info","message":"Mapped {/api/auth/forgot-password, POST} (version: 1) route","timestamp":"2026-04-19T23:17:57.778Z"}
{"context":"RouterExplorer","level":"info","message":"Mapped {/api/auth/reset-password, POST} (version: 1) route","timestamp":"2026-04-19T23:17:57.778Z"}
{"context":"RoutesResolver","level":"info","message":"UsersController {/api/users} (version: 1):","timestamp":"2026-04-19T23:17:57.778Z"}
{"context":"RouterExplorer","level":"info","message":"Mapped {/api/users/me, GET} (version: 1) route","timestamp":"2026-04-19T23:17:57.778Z"}
{"context":"RouterExplorer","level":"info","message":"Mapped {/api/users/me, PATCH} (version: 1) route","timestamp":"2026-04-19T23:17:57.779Z"}
{"context":"RouterExplorer","level":"info","message":"Mapped {/api/users, POST} (version: 1) route","timestamp":"2026-04-19T23:17:57.779Z"}
{"context":"RouterExplorer","level":"info","message":"Mapped {/api/users, GET} (version: 1) route","timestamp":"2026-04-19T23:17:57.779Z"}
{"context":"RouterExplorer","level":"info","message":"Mapped {/api/users/:id, GET} (version: 1) route","timestamp":"2026-04-19T23:17:57.779Z"}
{"context":"RouterExplorer","level":"info","message":"Mapped {/api/users/:id, PATCH} (version: 1) route","timestamp":"2026-04-19T23:17:57.780Z"}
{"context":"RouterExplorer","level":"info","message":"Mapped {/api/users/:id, DELETE} (version: 1) route","timestamp":"2026-04-19T23:17:57.780Z"}
{"context":"RouterExplorer","level":"info","message":"Mapped {/api/users/:id/block, PATCH} (version: 1) route","timestamp":"2026-04-19T23:17:57.780Z"}
{"context":"RouterExplorer","level":"info","message":"Mapped {/api/users/:id/unblock, PATCH} (version: 1) route","timestamp":"2026-04-19T23:17:57.781Z"}
{"context":"RoutesResolver","level":"info","message":"ServicesController {/api/services} (version: 1):","timestamp":"2026-04-19T23:17:57.781Z"}
{"context":"RouterExplorer","level":"info","message":"Mapped {/api/services, GET} (version: 1) route","timestamp":"2026-04-19T23:17:57.781Z"}
{"context":"RouterExplorer","level":"info","message":"Mapped {/api/services/:id, GET} (version: 1) route","timestamp":"2026-04-19T23:17:57.782Z"}
{"context":"RouterExplorer","level":"info","message":"Mapped {/api/services, POST} (version: 1) route","timestamp":"2026-04-19T23:17:57.782Z"}
{"context":"RouterExplorer","level":"info","message":"Mapped {/api/services/:id, PATCH} (version: 1) route","timestamp":"2026-04-19T23:17:57.782Z"}
{"context":"RouterExplorer","level":"info","message":"Mapped {/api/services/:id, DELETE} (version: 1) route","timestamp":"2026-04-19T23:17:57.783Z"}
{"context":"RouterExplorer","level":"info","message":"Mapped {/api/services/:id/toggle-active, PATCH} (version: 1) route","timestamp":"2026-04-19T23:17:57.783Z"}
{"context":"RoutesResolver","level":"info","message":"OrdersController {/api/orders} (version: 1):","timestamp":"2026-04-19T23:17:57.783Z"}
{"context":"RouterExplorer","level":"info","message":"Mapped {/api/orders, POST} (version: 1) route","timestamp":"2026-04-19T23:17:57.784Z"}
{"context":"RouterExplorer","level":"info","message":"Mapped {/api/orders/me, GET} (version: 1) route","timestamp":"2026-04-19T23:17:57.784Z"}
{"context":"RouterExplorer","level":"info","message":"Mapped {/api/orders, GET} (version: 1) route","timestamp":"2026-04-19T23:17:57.784Z"}
{"context":"RouterExplorer","level":"info","message":"Mapped {/api/orders/:id, GET} (version: 1) route","timestamp":"2026-04-19T23:17:57.785Z"}
{"context":"RouterExplorer","level":"info","message":"Mapped {/api/orders/:id/status, PATCH} (version: 1) route","timestamp":"2026-04-19T23:17:57.785Z"}
{"context":"RoutesResolver","level":"info","message":"PaymentsController {/api/payments} (version: 1):","timestamp":"2026-04-19T23:17:57.786Z"}
{"context":"RouterExplorer","level":"info","message":"Mapped {/api/payments/initiate, POST} (version: 1) route","timestamp":"2026-04-19T23:17:57.786Z"}
{"context":"RouterExplorer","level":"info","message":"Mapped {/api/payments/webhook, POST} (version: 1) route","timestamp":"2026-04-19T23:17:57.787Z"}
{"context":"RouterExplorer","level":"info","message":"Mapped {/api/payments/:id, GET} (version: 1) route","timestamp":"2026-04-19T23:17:57.787Z"}
{"context":"RoutesResolver","level":"info","message":"CountriesController {/api/countries} (version: 1):","timestamp":"2026-04-19T23:17:57.787Z"}
{"context":"RouterExplorer","level":"info","message":"Mapped {/api/countries, GET} (version: 1) route","timestamp":"2026-04-19T23:17:57.788Z"}
{"context":"RouterExplorer","level":"info","message":"Mapped {/api/countries/seed, POST} (version: 1) route","timestamp":"2026-04-19T23:17:57.788Z"}
{"context":"RoutesResolver","level":"info","message":"FaqController {/api/faq} (version: 1):","timestamp":"2026-04-19T23:17:57.788Z"}
{"context":"RouterExplorer","level":"info","message":"Mapped {/api/faq, GET} (version: 1) route","timestamp":"2026-04-19T23:17:57.789Z"}
{"context":"RoutesResolver","level":"info","message":"TestimonialsController {/api/testimonials} (version: 1):","timestamp":"2026-04-19T23:17:57.789Z"}
{"context":"RouterExplorer","level":"info","message":"Mapped {/api/testimonials, GET} (version: 1) route","timestamp":"2026-04-19T23:17:57.789Z"}
{"context":"RoutesResolver","level":"info","message":"UploadController {/api/upload} (version: 1):","timestamp":"2026-04-19T23:17:57.790Z"}
{"context":"RouterExplorer","level":"info","message":"Mapped {/api/upload/images, POST} (version: 1) route","timestamp":"2026-04-19T23:17:57.790Z"}
{"context":"RouterExplorer","level":"info","message":"Mapped {/api/upload/videos, POST} (version: 1) route","timestamp":"2026-04-19T23:17:57.790Z"}
{"context":"RouterExplorer","level":"info","message":"Mapped {/api/upload/delete, POST} (version: 1) route","timestamp":"2026-04-19T23:17:57.791Z"}
{"context":"NestApplication","level":"info","message":"Nest application successfully started","timestamp":"2026-04-19T23:17:57.791Z"}
{"context":"Bootstrap","level":"info","message":"Khairat API running on port 3001","timestamp":"2026-04-19T23:17:57.792Z"}
{"context":"Bootstrap","level":"info","message":"Swagger docs: http://localhost:3001/api/docs","timestamp":"2026-04-19T23:17:57.792Z"}
{"context":"NestFactory","level":"info","message":"Starting Nest application...","timestamp":"2026-04-19T23:18:01.325Z"}
{"context":"InstanceLoader","level":"info","message":"AppModule dependencies initialized","timestamp":"2026-04-19T23:18:01.328Z"}
{"context":"InstanceLoader","level":"info","message":"TypeOrmModule dependencies initialized","timestamp":"2026-04-19T23:18:01.337Z"}
{"context":"InstanceLoader","level":"info","message":"PassportModule dependencies initialized","timestamp":"2026-04-19T23:18:01.343Z"}
{"context":"InstanceLoader","level":"info","message":"ThrottlerModule dependencies initialized","timestamp":"2026-04-19T23:18:01.346Z"}
{"context":"InstanceLoader","level":"info","message":"ConfigHostModule dependencies initialized","timestamp":"2026-04-19T23:18:01.347Z"}
{"context":"InstanceLoader","level":"info","message":"WinstonModule dependencies initialized","timestamp":"2026-04-19T23:18:01.350Z"}
{"context":"InstanceLoader","level":"info","message":"ConfigModule dependencies initialized","timestamp":"2026-04-19T23:18:01.355Z"}
{"context":"InstanceLoader","level":"info","message":"ConfigModule dependencies initialized","timestamp":"2026-04-19T23:18:01.356Z"}
{"context":"InstanceLoader","level":"info","message":"JwtModule dependencies initialized","timestamp":"2026-04-19T23:18:01.357Z"}
{"context":"InstanceLoader","level":"info","message":"UploadModule dependencies initialized","timestamp":"2026-04-19T23:18:01.359Z"}
{"context":"InstanceLoader","level":"info","message":"TypeOrmCoreModule dependencies initialized","timestamp":"2026-04-19T23:18:01.359Z"}
{"context":"InstanceLoader","level":"info","message":"TypeOrmModule dependencies initialized","timestamp":"2026-04-19T23:18:01.360Z"}
{"context":"InstanceLoader","level":"info","message":"TypeOrmModule dependencies initialized","timestamp":"2026-04-19T23:18:01.360Z"}
{"context":"InstanceLoader","level":"info","message":"TypeOrmModule dependencies initialized","timestamp":"2026-04-19T23:18:01.361Z"}
{"context":"InstanceLoader","level":"info","message":"TypeOrmModule dependencies initialized","timestamp":"2026-04-19T23:18:01.371Z"}
{"context":"InstanceLoader","level":"info","message":"TypeOrmModule dependencies initialized","timestamp":"2026-04-19T23:18:01.383Z"}
{"context":"InstanceLoader","level":"info","message":"TypeOrmModule dependencies initialized","timestamp":"2026-04-19T23:18:01.391Z"}
{"context":"InstanceLoader","level":"info","message":"TypeOrmModule dependencies initialized","timestamp":"2026-04-19T23:18:01.392Z"}
{"context":"InstanceLoader","level":"info","message":"FaqModule dependencies initialized","timestamp":"2026-04-19T23:18:01.392Z"}
{"context":"InstanceLoader","level":"info","message":"TestimonialsModule dependencies initialized","timestamp":"2026-04-19T23:18:01.393Z"}
{"context":"InstanceLoader","level":"info","message":"CountriesModule dependencies initialized","timestamp":"2026-04-19T23:18:01.394Z"}
{"context":"InstanceLoader","level":"info","message":"UsersModule dependencies initialized","timestamp":"2026-04-19T23:18:01.395Z"}
{"context":"InstanceLoader","level":"info","message":"AuthModule dependencies initialized","timestamp":"2026-04-19T23:18:01.402Z"}
{"context":"InstanceLoader","level":"info","message":"ServicesModule dependencies initialized","timestamp":"2026-04-19T23:18:01.411Z"}
{"context":"InstanceLoader","level":"info","message":"OrdersModule dependencies initialized","timestamp":"2026-04-19T23:18:01.411Z"}
{"context":"InstanceLoader","level":"info","message":"PaymentsModule dependencies initialized","timestamp":"2026-04-19T23:18:01.413Z"}
{"context":"RoutesResolver","level":"info","message":"AuthController {/api/auth} (version: 1):","timestamp":"2026-04-19T23:18:01.414Z"}
{"context":"RouterExplorer","level":"info","message":"Mapped {/api/auth/register, POST} (version: 1) route","timestamp":"2026-04-19T23:18:01.424Z"}
{"context":"RouterExplorer","level":"info","message":"Mapped {/api/auth/login, POST} (version: 1) route","timestamp":"2026-04-19T23:18:01.425Z"}
{"context":"RouterExplorer","level":"info","message":"Mapped {/api/auth/refresh, POST} (version: 1) route","timestamp":"2026-04-19T23:18:01.426Z"}
{"context":"RouterExplorer","level":"info","message":"Mapped {/api/auth/forgot-password, POST} (version: 1) route","timestamp":"2026-04-19T23:18:01.427Z"}
{"context":"RouterExplorer","level":"info","message":"Mapped {/api/auth/reset-password, POST} (version: 1) route","timestamp":"2026-04-19T23:18:01.428Z"}
{"context":"RoutesResolver","level":"info","message":"UsersController {/api/users} (version: 1):","timestamp":"2026-04-19T23:18:01.428Z"}
{"context":"RouterExplorer","level":"info","message":"Mapped {/api/users/me, GET} (version: 1) route","timestamp":"2026-04-19T23:18:01.429Z"}
{"context":"RouterExplorer","level":"info","message":"Mapped {/api/users/me, PATCH} (version: 1) route","timestamp":"2026-04-19T23:18:01.429Z"}
{"context":"RouterExplorer","level":"info","message":"Mapped {/api/users, POST} (version: 1) route","timestamp":"2026-04-19T23:18:01.430Z"}
{"context":"RouterExplorer","level":"info","message":"Mapped {/api/users, GET} (version: 1) route","timestamp":"2026-04-19T23:18:01.430Z"}
{"context":"RouterExplorer","level":"info","message":"Mapped {/api/users/:id, GET} (version: 1) route","timestamp":"2026-04-19T23:18:01.432Z"}
{"context":"RouterExplorer","level":"info","message":"Mapped {/api/users/:id, PATCH} (version: 1) route","timestamp":"2026-04-19T23:18:01.434Z"}
{"context":"RouterExplorer","level":"info","message":"Mapped {/api/users/:id, DELETE} (version: 1) route","timestamp":"2026-04-19T23:18:01.435Z"}
{"context":"RouterExplorer","level":"info","message":"Mapped {/api/users/:id/block, PATCH} (version: 1) route","timestamp":"2026-04-19T23:18:01.435Z"}
{"context":"RouterExplorer","level":"info","message":"Mapped {/api/users/:id/unblock, PATCH} (version: 1) route","timestamp":"2026-04-19T23:18:01.436Z"}
{"context":"RoutesResolver","level":"info","message":"ServicesController {/api/services} (version: 1):","timestamp":"2026-04-19T23:18:01.436Z"}
{"context":"RouterExplorer","level":"info","message":"Mapped {/api/services, GET} (version: 1) route","timestamp":"2026-04-19T23:18:01.437Z"}
{"context":"RouterExplorer","level":"info","message":"Mapped {/api/services/:id, GET} (version: 1) route","timestamp":"2026-04-19T23:18:01.437Z"}
{"context":"RouterExplorer","level":"info","message":"Mapped {/api/services, POST} (version: 1) route","timestamp":"2026-04-19T23:18:01.438Z"}
{"context":"RouterExplorer","level":"info","message":"Mapped {/api/services/:id, PATCH} (version: 1) route","timestamp":"2026-04-19T23:18:01.438Z"}
{"context":"RouterExplorer","level":"info","message":"Mapped {/api/services/:id, DELETE} (version: 1) route","timestamp":"2026-04-19T23:18:01.439Z"}
{"context":"RouterExplorer","level":"info","message":"Mapped {/api/services/:id/toggle-active, PATCH} (version: 1) route","timestamp":"2026-04-19T23:18:01.440Z"}
{"context":"RoutesResolver","level":"info","message":"OrdersController {/api/orders} (version: 1):","timestamp":"2026-04-19T23:18:01.440Z"}
{"context":"RouterExplorer","level":"info","message":"Mapped {/api/orders, POST} (version: 1) route","timestamp":"2026-04-19T23:18:01.441Z"}
{"context":"RouterExplorer","level":"info","message":"Mapped {/api/orders/me, GET} (version: 1) route","timestamp":"2026-04-19T23:18:01.442Z"}
{"context":"RouterExplorer","level":"info","message":"Mapped {/api/orders, GET} (version: 1) route","timestamp":"2026-04-19T23:18:01.442Z"}
{"context":"RouterExplorer","level":"info","message":"Mapped {/api/orders/:id, GET} (version: 1) route","timestamp":"2026-04-19T23:18:01.442Z"}
{"context":"RouterExplorer","level":"info","message":"Mapped {/api/orders/:id/status, PATCH} (version: 1) route","timestamp":"2026-04-19T23:18:01.443Z"}
{"context":"RoutesResolver","level":"info","message":"PaymentsController {/api/payments} (version: 1):","timestamp":"2026-04-19T23:18:01.443Z"}
{"context":"RouterExplorer","level":"info","message":"Mapped {/api/payments/initiate, POST} (version: 1) route","timestamp":"2026-04-19T23:18:01.444Z"}
{"context":"RouterExplorer","level":"info","message":"Mapped {/api/payments/webhook, POST} (version: 1) route","timestamp":"2026-04-19T23:18:01.444Z"}
{"context":"RouterExplorer","level":"info","message":"Mapped {/api/payments/:id, GET} (version: 1) route","timestamp":"2026-04-19T23:18:01.444Z"}
{"context":"RoutesResolver","level":"info","message":"CountriesController {/api/countries} (version: 1):","timestamp":"2026-04-19T23:18:01.445Z"}
{"context":"RouterExplorer","level":"info","message":"Mapped {/api/countries, GET} (version: 1) route","timestamp":"2026-04-19T23:18:01.445Z"}
{"context":"RouterExplorer","level":"info","message":"Mapped {/api/countries/seed, POST} (version: 1) route","timestamp":"2026-04-19T23:18:01.446Z"}
{"context":"RoutesResolver","level":"info","message":"FaqController {/api/faq} (version: 1):","timestamp":"2026-04-19T23:18:01.446Z"}
{"context":"RouterExplorer","level":"info","message":"Mapped {/api/faq, GET} (version: 1) route","timestamp":"2026-04-19T23:18:01.447Z"}
{"context":"RoutesResolver","level":"info","message":"TestimonialsController {/api/testimonials} (version: 1):","timestamp":"2026-04-19T23:18:01.448Z"}
{"context":"RouterExplorer","level":"info","message":"Mapped {/api/testimonials, GET} (version: 1) route","timestamp":"2026-04-19T23:18:01.449Z"}
{"context":"RoutesResolver","level":"info","message":"UploadController {/api/upload} (version: 1):","timestamp":"2026-04-19T23:18:01.450Z"}
{"context":"RouterExplorer","level":"info","message":"Mapped {/api/upload/images, POST} (version: 1) route","timestamp":"2026-04-19T23:18:01.450Z"}
{"context":"RouterExplorer","level":"info","message":"Mapped {/api/upload/videos, POST} (version: 1) route","timestamp":"2026-04-19T23:18:01.451Z"}
{"context":"RouterExplorer","level":"info","message":"Mapped {/api/upload/delete, POST} (version: 1) route","timestamp":"2026-04-19T23:18:01.451Z"}
{"context":"NestApplication","level":"info","message":"Nest application successfully started","timestamp":"2026-04-19T23:18:01.452Z"}
{"context":"Bootstrap","level":"info","message":"Khairat API running on port 3001","timestamp":"2026-04-19T23:18:01.454Z"}
{"context":"Bootstrap","level":"info","message":"Swagger docs: http://localhost:3001/api/docs","timestamp":"2026-04-19T23:18:01.455Z"}
{"context":"NestFactory","level":"info","message":"Starting Nest application...","timestamp":"2026-04-19T23:23:23.385Z"}
{"context":"InstanceLoader","level":"info","message":"AppModule dependencies initialized","timestamp":"2026-04-19T23:23:23.386Z"}
{"context":"InstanceLoader","level":"info","message":"TypeOrmModule dependencies initialized","timestamp":"2026-04-19T23:23:23.386Z"}
{"context":"InstanceLoader","level":"info","message":"PassportModule dependencies initialized","timestamp":"2026-04-19T23:23:23.387Z"}
{"context":"InstanceLoader","level":"info","message":"ThrottlerModule dependencies initialized","timestamp":"2026-04-19T23:23:23.387Z"}
{"context":"InstanceLoader","level":"info","message":"ConfigHostModule dependencies initialized","timestamp":"2026-04-19T23:23:23.387Z"}
{"context":"InstanceLoader","level":"info","message":"WinstonModule dependencies initialized","timestamp":"2026-04-19T23:23:23.388Z"}
{"context":"InstanceLoader","level":"info","message":"ConfigModule dependencies initialized","timestamp":"2026-04-19T23:23:23.388Z"}
{"context":"InstanceLoader","level":"info","message":"ConfigModule dependencies initialized","timestamp":"2026-04-19T23:23:23.388Z"}
{"context":"InstanceLoader","level":"info","message":"JwtModule dependencies initialized","timestamp":"2026-04-19T23:23:23.389Z"}
{"context":"InstanceLoader","level":"info","message":"UploadModule dependencies initialized","timestamp":"2026-04-19T23:23:23.389Z"}
{"context":"InstanceLoader","level":"info","message":"TypeOrmCoreModule dependencies initialized","timestamp":"2026-04-19T23:23:23.389Z"}
{"context":"InstanceLoader","level":"info","message":"TypeOrmModule dependencies initialized","timestamp":"2026-04-19T23:23:23.390Z"}
{"context":"InstanceLoader","level":"info","message":"TypeOrmModule dependencies initialized","timestamp":"2026-04-19T23:23:23.390Z"}
{"context":"InstanceLoader","level":"info","message":"TypeOrmModule dependencies initialized","timestamp":"2026-04-19T23:23:23.390Z"}
{"context":"InstanceLoader","level":"info","message":"TypeOrmModule dependencies initialized","timestamp":"2026-04-19T23:23:23.391Z"}
{"context":"InstanceLoader","level":"info","message":"TypeOrmModule dependencies initialized","timestamp":"2026-04-19T23:23:23.391Z"}
{"context":"InstanceLoader","level":"info","message":"TypeOrmModule dependencies initialized","timestamp":"2026-04-19T23:23:23.392Z"}
{"context":"InstanceLoader","level":"info","message":"TypeOrmModule dependencies initialized","timestamp":"2026-04-19T23:23:23.392Z"}
{"context":"InstanceLoader","level":"info","message":"FaqModule dependencies initialized","timestamp":"2026-04-19T23:23:23.392Z"}
{"context":"InstanceLoader","level":"info","message":"TestimonialsModule dependencies initialized","timestamp":"2026-04-19T23:23:23.393Z"}
{"context":"InstanceLoader","level":"info","message":"CountriesModule dependencies initialized","timestamp":"2026-04-19T23:23:23.393Z"}
{"context":"InstanceLoader","level":"info","message":"UsersModule dependencies initialized","timestamp":"2026-04-19T23:23:23.393Z"}
{"context":"InstanceLoader","level":"info","message":"AuthModule dependencies initialized","timestamp":"2026-04-19T23:23:23.393Z"}
{"context":"InstanceLoader","level":"info","message":"ServicesModule dependencies initialized","timestamp":"2026-04-19T23:23:23.394Z"}
{"context":"InstanceLoader","level":"info","message":"OrdersModule dependencies initialized","timestamp":"2026-04-19T23:23:23.394Z"}
{"context":"InstanceLoader","level":"info","message":"PaymentsModule dependencies initialized","timestamp":"2026-04-19T23:23:23.394Z"}
{"context":"RoutesResolver","level":"info","message":"AuthController {/api/auth} (version: 1):","timestamp":"2026-04-19T23:23:23.395Z"}
{"context":"RouterExplorer","level":"info","message":"Mapped {/api/auth/register, POST} (version: 1) route","timestamp":"2026-04-19T23:23:23.395Z"}
{"context":"RouterExplorer","level":"info","message":"Mapped {/api/auth/login, POST} (version: 1) route","timestamp":"2026-04-19T23:23:23.395Z"}
{"context":"RouterExplorer","level":"info","message":"Mapped {/api/auth/refresh, POST} (version: 1) route","timestamp":"2026-04-19T23:23:23.395Z"}
{"context":"RouterExplorer","level":"info","message":"Mapped {/api/auth/forgot-password, POST} (version: 1) route","timestamp":"2026-04-19T23:23:23.396Z"}
{"context":"RouterExplorer","level":"info","message":"Mapped {/api/auth/reset-password, POST} (version: 1) route","timestamp":"2026-04-19T23:23:23.396Z"}
{"context":"RoutesResolver","level":"info","message":"UsersController {/api/users} (version: 1):","timestamp":"2026-04-19T23:23:23.396Z"}
{"context":"RouterExplorer","level":"info","message":"Mapped {/api/users/me, GET} (version: 1) route","timestamp":"2026-04-19T23:23:23.397Z"}
{"context":"RouterExplorer","level":"info","message":"Mapped {/api/users/me, PATCH} (version: 1) route","timestamp":"2026-04-19T23:23:23.397Z"}
{"context":"RouterExplorer","level":"info","message":"Mapped {/api/users, POST} (version: 1) route","timestamp":"2026-04-19T23:23:23.397Z"}
{"context":"RouterExplorer","level":"info","message":"Mapped {/api/users, GET} (version: 1) route","timestamp":"2026-04-19T23:23:23.398Z"}
{"context":"RouterExplorer","level":"info","message":"Mapped {/api/users/:id, GET} (version: 1) route","timestamp":"2026-04-19T23:23:23.398Z"}
{"context":"RouterExplorer","level":"info","message":"Mapped {/api/users/:id, PATCH} (version: 1) route","timestamp":"2026-04-19T23:23:23.398Z"}
{"context":"RouterExplorer","level":"info","message":"Mapped {/api/users/:id, DELETE} (version: 1) route","timestamp":"2026-04-19T23:23:23.399Z"}
{"context":"RouterExplorer","level":"info","message":"Mapped {/api/users/:id/block, PATCH} (version: 1) route","timestamp":"2026-04-19T23:23:23.399Z"}
{"context":"RouterExplorer","level":"info","message":"Mapped {/api/users/:id/unblock, PATCH} (version: 1) route","timestamp":"2026-04-19T23:23:23.399Z"}
{"context":"RoutesResolver","level":"info","message":"ServicesController {/api/services} (version: 1):","timestamp":"2026-04-19T23:23:23.400Z"}
{"context":"RouterExplorer","level":"info","message":"Mapped {/api/services, GET} (version: 1) route","timestamp":"2026-04-19T23:23:23.400Z"}
{"context":"RouterExplorer","level":"info","message":"Mapped {/api/services/:id, GET} (version: 1) route","timestamp":"2026-04-19T23:23:23.401Z"}
{"context":"RouterExplorer","level":"info","message":"Mapped {/api/services, POST} (version: 1) route","timestamp":"2026-04-19T23:23:23.402Z"}
{"context":"RouterExplorer","level":"info","message":"Mapped {/api/services/:id, PATCH} (version: 1) route","timestamp":"2026-04-19T23:23:23.402Z"}
{"context":"RouterExplorer","level":"info","message":"Mapped {/api/services/:id, DELETE} (version: 1) route","timestamp":"2026-04-19T23:23:23.403Z"}
{"context":"RouterExplorer","level":"info","message":"Mapped {/api/services/:id/toggle-active, PATCH} (version: 1) route","timestamp":"2026-04-19T23:23:23.403Z"}
{"context":"RoutesResolver","level":"info","message":"OrdersController {/api/orders} (version: 1):","timestamp":"2026-04-19T23:23:23.404Z"}
{"context":"RouterExplorer","level":"info","message":"Mapped {/api/orders, POST} (version: 1) route","timestamp":"2026-04-19T23:23:23.405Z"}
{"context":"RouterExplorer","level":"info","message":"Mapped {/api/orders/me, GET} (version: 1) route","timestamp":"2026-04-19T23:23:23.405Z"}
{"context":"RouterExplorer","level":"info","message":"Mapped {/api/orders, GET} (version: 1) route","timestamp":"2026-04-19T23:23:23.406Z"}
{"context":"RouterExplorer","level":"info","message":"Mapped {/api/orders/:id, GET} (version: 1) route","timestamp":"2026-04-19T23:23:23.406Z"}
{"context":"RouterExplorer","level":"info","message":"Mapped {/api/orders/:id/status, PATCH} (version: 1) route","timestamp":"2026-04-19T23:23:23.407Z"}
{"context":"RoutesResolver","level":"info","message":"PaymentsController {/api/payments} (version: 1):","timestamp":"2026-04-19T23:23:23.409Z"}
{"context":"RouterExplorer","level":"info","message":"Mapped {/api/payments/initiate, POST} (version: 1) route","timestamp":"2026-04-19T23:23:23.410Z"}
{"context":"RouterExplorer","level":"info","message":"Mapped {/api/payments/webhook, POST} (version: 1) route","timestamp":"2026-04-19T23:23:23.410Z"}
{"context":"RouterExplorer","level":"info","message":"Mapped {/api/payments/:id, GET} (version: 1) route","timestamp":"2026-04-19T23:23:23.411Z"}
{"context":"RoutesResolver","level":"info","message":"CountriesController {/api/countries} (version: 1):","timestamp":"2026-04-19T23:23:23.411Z"}
{"context":"RouterExplorer","level":"info","message":"Mapped {/api/countries, GET} (version: 1) route","timestamp":"2026-04-19T23:23:23.412Z"}
{"context":"RouterExplorer","level":"info","message":"Mapped {/api/countries/seed, POST} (version: 1) route","timestamp":"2026-04-19T23:23:23.412Z"}
{"context":"RoutesResolver","level":"info","message":"FaqController {/api/faq} (version: 1):","timestamp":"2026-04-19T23:23:23.412Z"}
{"context":"RouterExplorer","level":"info","message":"Mapped {/api/faq, GET} (version: 1) route","timestamp":"2026-04-19T23:23:23.413Z"}
{"context":"RoutesResolver","level":"info","message":"TestimonialsController {/api/testimonials} (version: 1):","timestamp":"2026-04-19T23:23:23.413Z"}
{"context":"RouterExplorer","level":"info","message":"Mapped {/api/testimonials, GET} (version: 1) route","timestamp":"2026-04-19T23:23:23.414Z"}
{"context":"RoutesResolver","level":"info","message":"UploadController {/api/upload} (version: 1):","timestamp":"2026-04-19T23:23:23.414Z"}
{"context":"RouterExplorer","level":"info","message":"Mapped {/api/upload/images, POST} (version: 1) route","timestamp":"2026-04-19T23:23:23.414Z"}
{"context":"RouterExplorer","level":"info","message":"Mapped {/api/upload/videos, POST} (version: 1) route","timestamp":"2026-04-19T23:23:23.415Z"}
{"context":"RouterExplorer","level":"info","message":"Mapped {/api/upload/delete, POST} (version: 1) route","timestamp":"2026-04-19T23:23:23.415Z"}
{"context":"NestApplication","level":"info","message":"Nest application successfully started","timestamp":"2026-04-19T23:23:23.415Z"}
{"context":"Bootstrap","level":"info","message":"Khairat API running on port 3001","timestamp":"2026-04-19T23:23:23.417Z"}
{"context":"Bootstrap","level":"info","message":"Swagger docs: http://localhost:3001/api/docs","timestamp":"2026-04-19T23:23:23.418Z"}
{"context":"NestFactory","level":"info","message":"Starting Nest application...","timestamp":"2026-04-19T23:40:35.602Z"}
{"context":"InstanceLoader","level":"info","message":"AppModule dependencies initialized","timestamp":"2026-04-19T23:40:35.603Z"}
{"context":"InstanceLoader","level":"info","message":"TypeOrmModule dependencies initialized","timestamp":"2026-04-19T23:40:35.604Z"}
{"context":"InstanceLoader","level":"info","message":"PassportModule dependencies initialized","timestamp":"2026-04-19T23:40:35.604Z"}
{"context":"InstanceLoader","level":"info","message":"ThrottlerModule dependencies initialized","timestamp":"2026-04-19T23:40:35.605Z"}
{"context":"InstanceLoader","level":"info","message":"ConfigHostModule dependencies initialized","timestamp":"2026-04-19T23:40:35.605Z"}
{"context":"InstanceLoader","level":"info","message":"WinstonModule dependencies initialized","timestamp":"2026-04-19T23:40:35.606Z"}
{"context":"InstanceLoader","level":"info","message":"ConfigModule dependencies initialized","timestamp":"2026-04-19T23:40:35.606Z"}
{"context":"InstanceLoader","level":"info","message":"ConfigModule dependencies initialized","timestamp":"2026-04-19T23:40:35.606Z"}
{"context":"InstanceLoader","level":"info","message":"JwtModule dependencies initialized","timestamp":"2026-04-19T23:40:35.607Z"}
{"context":"InstanceLoader","level":"info","message":"UploadModule dependencies initialized","timestamp":"2026-04-19T23:40:35.607Z"}
{"context":"InstanceLoader","level":"info","message":"TypeOrmCoreModule dependencies initialized","timestamp":"2026-04-19T23:40:35.608Z"}
{"context":"InstanceLoader","level":"info","message":"TypeOrmModule dependencies initialized","timestamp":"2026-04-19T23:40:35.608Z"}
{"context":"InstanceLoader","level":"info","message":"TypeOrmModule dependencies initialized","timestamp":"2026-04-19T23:40:35.608Z"}
{"context":"InstanceLoader","level":"info","message":"TypeOrmModule dependencies initialized","timestamp":"2026-04-19T23:40:35.609Z"}
{"context":"InstanceLoader","level":"info","message":"TypeOrmModule dependencies initialized","timestamp":"2026-04-19T23:40:35.609Z"}
{"context":"InstanceLoader","level":"info","message":"TypeOrmModule dependencies initialized","timestamp":"2026-04-19T23:40:35.610Z"}
{"context":"InstanceLoader","level":"info","message":"TypeOrmModule dependencies initialized","timestamp":"2026-04-19T23:40:35.611Z"}
{"context":"InstanceLoader","level":"info","message":"TypeOrmModule dependencies initialized","timestamp":"2026-04-19T23:40:35.611Z"}
{"context":"InstanceLoader","level":"info","message":"FaqModule dependencies initialized","timestamp":"2026-04-19T23:40:35.611Z"}
{"context":"InstanceLoader","level":"info","message":"TestimonialsModule dependencies initialized","timestamp":"2026-04-19T23:40:35.612Z"}
{"context":"InstanceLoader","level":"info","message":"CountriesModule dependencies initialized","timestamp":"2026-04-19T23:40:35.612Z"}
{"context":"InstanceLoader","level":"info","message":"UsersModule dependencies initialized","timestamp":"2026-04-19T23:40:35.612Z"}
{"context":"InstanceLoader","level":"info","message":"AuthModule dependencies initialized","timestamp":"2026-04-19T23:40:35.613Z"}
{"context":"InstanceLoader","level":"info","message":"ServicesModule dependencies initialized","timestamp":"2026-04-19T23:40:35.613Z"}
{"context":"InstanceLoader","level":"info","message":"OrdersModule dependencies initialized","timestamp":"2026-04-19T23:40:35.613Z"}
{"context":"InstanceLoader","level":"info","message":"PaymentsModule dependencies initialized","timestamp":"2026-04-19T23:40:35.614Z"}
{"context":"RoutesResolver","level":"info","message":"AuthController {/api/auth} (version: 1):","timestamp":"2026-04-19T23:40:35.614Z"}
{"context":"RouterExplorer","level":"info","message":"Mapped {/api/auth/register, POST} (version: 1) route","timestamp":"2026-04-19T23:40:35.614Z"}
{"context":"RouterExplorer","level":"info","message":"Mapped {/api/auth/login, POST} (version: 1) route","timestamp":"2026-04-19T23:40:35.615Z"}
{"context":"RouterExplorer","level":"info","message":"Mapped {/api/auth/refresh, POST} (version: 1) route","timestamp":"2026-04-19T23:40:35.615Z"}
{"context":"RouterExplorer","level":"info","message":"Mapped {/api/auth/forgot-password, POST} (version: 1) route","timestamp":"2026-04-19T23:40:35.615Z"}
{"context":"RouterExplorer","level":"info","message":"Mapped {/api/auth/reset-password, POST} (version: 1) route","timestamp":"2026-04-19T23:40:35.615Z"}
{"context":"RoutesResolver","level":"info","message":"UsersController {/api/users} (version: 1):","timestamp":"2026-04-19T23:40:35.616Z"}
{"context":"RouterExplorer","level":"info","message":"Mapped {/api/users/me, GET} (version: 1) route","timestamp":"2026-04-19T23:40:35.616Z"}
{"context":"RouterExplorer","level":"info","message":"Mapped {/api/users/me, PATCH} (version: 1) route","timestamp":"2026-04-19T23:40:35.616Z"}
{"context":"RouterExplorer","level":"info","message":"Mapped {/api/users, POST} (version: 1) route","timestamp":"2026-04-19T23:40:35.617Z"}
{"context":"RouterExplorer","level":"info","message":"Mapped {/api/users, GET} (version: 1) route","timestamp":"2026-04-19T23:40:35.617Z"}
{"context":"RouterExplorer","level":"info","message":"Mapped {/api/users/:id, GET} (version: 1) route","timestamp":"2026-04-19T23:40:35.617Z"}
{"context":"RouterExplorer","level":"info","message":"Mapped {/api/users/:id, PATCH} (version: 1) route","timestamp":"2026-04-19T23:40:35.617Z"}
{"context":"RouterExplorer","level":"info","message":"Mapped {/api/users/:id, DELETE} (version: 1) route","timestamp":"2026-04-19T23:40:35.618Z"}
{"context":"RouterExplorer","level":"info","message":"Mapped {/api/users/:id/block, PATCH} (version: 1) route","timestamp":"2026-04-19T23:40:35.618Z"}
{"context":"RouterExplorer","level":"info","message":"Mapped {/api/users/:id/unblock, PATCH} (version: 1) route","timestamp":"2026-04-19T23:40:35.618Z"}
{"context":"RoutesResolver","level":"info","message":"ServicesController {/api/services} (version: 1):","timestamp":"2026-04-19T23:40:35.619Z"}
{"context":"RouterExplorer","level":"info","message":"Mapped {/api/services, GET} (version: 1) route","timestamp":"2026-04-19T23:40:35.619Z"}
{"context":"RouterExplorer","level":"info","message":"Mapped {/api/services/:id, GET} (version: 1) route","timestamp":"2026-04-19T23:40:35.619Z"}
{"context":"RouterExplorer","level":"info","message":"Mapped {/api/services, POST} (version: 1) route","timestamp":"2026-04-19T23:40:35.619Z"}
{"context":"RouterExplorer","level":"info","message":"Mapped {/api/services/:id, PATCH} (version: 1) route","timestamp":"2026-04-19T23:40:35.620Z"}
{"context":"RouterExplorer","level":"info","message":"Mapped {/api/services/:id, DELETE} (version: 1) route","timestamp":"2026-04-19T23:40:35.620Z"}
{"context":"RouterExplorer","level":"info","message":"Mapped {/api/services/:id/toggle-active, PATCH} (version: 1) route","timestamp":"2026-04-19T23:40:35.620Z"}
{"context":"RoutesResolver","level":"info","message":"OrdersController {/api/orders} (version: 1):","timestamp":"2026-04-19T23:40:35.621Z"}
{"context":"RouterExplorer","level":"info","message":"Mapped {/api/orders, POST} (version: 1) route","timestamp":"2026-04-19T23:40:35.621Z"}
{"context":"RouterExplorer","level":"info","message":"Mapped {/api/orders/me, GET} (version: 1) route","timestamp":"2026-04-19T23:40:35.621Z"}
{"context":"RouterExplorer","level":"info","message":"Mapped {/api/orders, GET} (version: 1) route","timestamp":"2026-04-19T23:40:35.621Z"}
{"context":"RouterExplorer","level":"info","message":"Mapped {/api/orders/:id, GET} (version: 1) route","timestamp":"2026-04-19T23:40:35.622Z"}
{"context":"RouterExplorer","level":"info","message":"Mapped {/api/orders/:id/status, PATCH} (version: 1) route","timestamp":"2026-04-19T23:40:35.622Z"}
{"context":"RoutesResolver","level":"info","message":"PaymentsController {/api/payments} (version: 1):","timestamp":"2026-04-19T23:40:35.622Z"}
{"context":"RouterExplorer","level":"info","message":"Mapped {/api/payments/initiate, POST} (version: 1) route","timestamp":"2026-04-19T23:40:35.623Z"}
{"context":"RouterExplorer","level":"info","message":"Mapped {/api/payments/webhook, POST} (version: 1) route","timestamp":"2026-04-19T23:40:35.623Z"}
{"context":"RouterExplorer","level":"info","message":"Mapped {/api/payments/:id, GET} (version: 1) route","timestamp":"2026-04-19T23:40:35.623Z"}
{"context":"RoutesResolver","level":"info","message":"CountriesController {/api/countries} (version: 1):","timestamp":"2026-04-19T23:40:35.623Z"}
{"context":"RouterExplorer","level":"info","message":"Mapped {/api/countries, GET} (version: 1) route","timestamp":"2026-04-19T23:40:35.624Z"}
{"context":"RouterExplorer","level":"info","message":"Mapped {/api/countries/seed, POST} (version: 1) route","timestamp":"2026-04-19T23:40:35.624Z"}
{"context":"RoutesResolver","level":"info","message":"FaqController {/api/faq} (version: 1):","timestamp":"2026-04-19T23:40:35.624Z"}
{"context":"RouterExplorer","level":"info","message":"Mapped {/api/faq, GET} (version: 1) route","timestamp":"2026-04-19T23:40:35.625Z"}
{"context":"RoutesResolver","level":"info","message":"TestimonialsController {/api/testimonials} (version: 1):","timestamp":"2026-04-19T23:40:35.625Z"}
{"context":"RouterExplorer","level":"info","message":"Mapped {/api/testimonials, GET} (version: 1) route","timestamp":"2026-04-19T23:40:35.626Z"}
{"context":"RoutesResolver","level":"info","message":"UploadController {/api/upload} (version: 1):","timestamp":"2026-04-19T23:40:35.626Z"}
{"context":"RouterExplorer","level":"info","message":"Mapped {/api/upload/images, POST} (version: 1) route","timestamp":"2026-04-19T23:40:35.626Z"}
{"context":"RouterExplorer","level":"info","message":"Mapped {/api/upload/videos, POST} (version: 1) route","timestamp":"2026-04-19T23:40:35.627Z"}
{"context":"RouterExplorer","level":"info","message":"Mapped {/api/upload/delete, POST} (version: 1) route","timestamp":"2026-04-19T23:40:35.627Z"}
{"context":"NestApplication","level":"info","message":"Nest application successfully started","timestamp":"2026-04-19T23:40:35.628Z"}
{"context":"Bootstrap","level":"info","message":"Khairat API running on port 3001","timestamp":"2026-04-19T23:40:35.629Z"}
{"context":"Bootstrap","level":"info","message":"Swagger docs: http://localhost:3001/api/docs","timestamp":"2026-04-19T23:40:35.629Z"}
{"context":"NestFactory","level":"info","message":"Starting Nest application...","timestamp":"2026-04-20T00:07:28.373Z"}
{"context":"InstanceLoader","level":"info","message":"AppModule dependencies initialized","timestamp":"2026-04-20T00:07:28.374Z"}
{"context":"InstanceLoader","level":"info","message":"TypeOrmModule dependencies initialized","timestamp":"2026-04-20T00:07:28.375Z"}
{"context":"InstanceLoader","level":"info","message":"PassportModule dependencies initialized","timestamp":"2026-04-20T00:07:28.375Z"}
{"context":"InstanceLoader","level":"info","message":"ThrottlerModule dependencies initialized","timestamp":"2026-04-20T00:07:28.376Z"}
{"context":"InstanceLoader","level":"info","message":"ConfigHostModule dependencies initialized","timestamp":"2026-04-20T00:07:28.376Z"}
{"context":"InstanceLoader","level":"info","message":"WinstonModule dependencies initialized","timestamp":"2026-04-20T00:07:28.376Z"}
{"context":"InstanceLoader","level":"info","message":"ConfigModule dependencies initialized","timestamp":"2026-04-20T00:07:28.377Z"}
{"context":"InstanceLoader","level":"info","message":"ConfigModule dependencies initialized","timestamp":"2026-04-20T00:07:28.377Z"}
{"context":"InstanceLoader","level":"info","message":"JwtModule dependencies initialized","timestamp":"2026-04-20T00:07:28.378Z"}
{"context":"InstanceLoader","level":"info","message":"UploadModule dependencies initialized","timestamp":"2026-04-20T00:07:28.378Z"}
{"context":"InstanceLoader","level":"info","message":"TypeOrmCoreModule dependencies initialized","timestamp":"2026-04-20T00:07:28.378Z"}
{"context":"InstanceLoader","level":"info","message":"TypeOrmModule dependencies initialized","timestamp":"2026-04-20T00:07:28.379Z"}
{"context":"InstanceLoader","level":"info","message":"TypeOrmModule dependencies initialized","timestamp":"2026-04-20T00:07:28.379Z"}
{"context":"InstanceLoader","level":"info","message":"TypeOrmModule dependencies initialized","timestamp":"2026-04-20T00:07:28.379Z"}
{"context":"InstanceLoader","level":"info","message":"TypeOrmModule dependencies initialized","timestamp":"2026-04-20T00:07:28.380Z"}
{"context":"InstanceLoader","level":"info","message":"TypeOrmModule dependencies initialized","timestamp":"2026-04-20T00:07:28.380Z"}
{"context":"InstanceLoader","level":"info","message":"TypeOrmModule dependencies initialized","timestamp":"2026-04-20T00:07:28.380Z"}
{"context":"InstanceLoader","level":"info","message":"TypeOrmModule dependencies initialized","timestamp":"2026-04-20T00:07:28.381Z"}
{"context":"InstanceLoader","level":"info","message":"FaqModule dependencies initialized","timestamp":"2026-04-20T00:07:28.381Z"}
{"context":"InstanceLoader","level":"info","message":"TestimonialsModule dependencies initialized","timestamp":"2026-04-20T00:07:28.382Z"}
{"context":"InstanceLoader","level":"info","message":"CountriesModule dependencies initialized","timestamp":"2026-04-20T00:07:28.383Z"}
{"context":"InstanceLoader","level":"info","message":"UsersModule dependencies initialized","timestamp":"2026-04-20T00:07:28.383Z"}
{"context":"InstanceLoader","level":"info","message":"AuthModule dependencies initialized","timestamp":"2026-04-20T00:07:28.383Z"}
{"context":"InstanceLoader","level":"info","message":"ServicesModule dependencies initialized","timestamp":"2026-04-20T00:07:28.384Z"}
{"context":"InstanceLoader","level":"info","message":"OrdersModule dependencies initialized","timestamp":"2026-04-20T00:07:28.384Z"}
{"context":"InstanceLoader","level":"info","message":"PaymentsModule dependencies initialized","timestamp":"2026-04-20T00:07:28.384Z"}
{"context":"RoutesResolver","level":"info","message":"AuthController {/api/auth} (version: 1):","timestamp":"2026-04-20T00:07:28.385Z"}
{"context":"RouterExplorer","level":"info","message":"Mapped {/api/auth/register, POST} (version: 1) route","timestamp":"2026-04-20T00:07:28.385Z"}
{"context":"RouterExplorer","level":"info","message":"Mapped {/api/auth/login, POST} (version: 1) route","timestamp":"2026-04-20T00:07:28.386Z"}
{"context":"RouterExplorer","level":"info","message":"Mapped {/api/auth/refresh, POST} (version: 1) route","timestamp":"2026-04-20T00:07:28.386Z"}
{"context":"RouterExplorer","level":"info","message":"Mapped {/api/auth/forgot-password, POST} (version: 1) route","timestamp":"2026-04-20T00:07:28.386Z"}
{"context":"RouterExplorer","level":"info","message":"Mapped {/api/auth/reset-password, POST} (version: 1) route","timestamp":"2026-04-20T00:07:28.387Z"}
{"context":"RoutesResolver","level":"info","message":"UsersController {/api/users} (version: 1):","timestamp":"2026-04-20T00:07:28.387Z"}
{"context":"RouterExplorer","level":"info","message":"Mapped {/api/users/me, GET} (version: 1) route","timestamp":"2026-04-20T00:07:28.387Z"}
{"context":"RouterExplorer","level":"info","message":"Mapped {/api/users/me, PATCH} (version: 1) route","timestamp":"2026-04-20T00:07:28.387Z"}
{"context":"RouterExplorer","level":"info","message":"Mapped {/api/users, POST} (version: 1) route","timestamp":"2026-04-20T00:07:28.388Z"}
{"context":"RouterExplorer","level":"info","message":"Mapped {/api/users, GET} (version: 1) route","timestamp":"2026-04-20T00:07:28.388Z"}
{"context":"RouterExplorer","level":"info","message":"Mapped {/api/users/:id, GET} (version: 1) route","timestamp":"2026-04-20T00:07:28.388Z"}
{"context":"RouterExplorer","level":"info","message":"Mapped {/api/users/:id, PATCH} (version: 1) route","timestamp":"2026-04-20T00:07:28.388Z"}
{"context":"RouterExplorer","level":"info","message":"Mapped {/api/users/:id, DELETE} (version: 1) route","timestamp":"2026-04-20T00:07:28.389Z"}
{"context":"RouterExplorer","level":"info","message":"Mapped {/api/users/:id/block, PATCH} (version: 1) route","timestamp":"2026-04-20T00:07:28.389Z"}
{"context":"RouterExplorer","level":"info","message":"Mapped {/api/users/:id/unblock, PATCH} (version: 1) route","timestamp":"2026-04-20T00:07:28.389Z"}
{"context":"RoutesResolver","level":"info","message":"ServicesController {/api/services} (version: 1):","timestamp":"2026-04-20T00:07:28.389Z"}
{"context":"RouterExplorer","level":"info","message":"Mapped {/api/services, GET} (version: 1) route","timestamp":"2026-04-20T00:07:28.390Z"}
{"context":"RouterExplorer","level":"info","message":"Mapped {/api/services/:id, GET} (version: 1) route","timestamp":"2026-04-20T00:07:28.390Z"}
{"context":"RouterExplorer","level":"info","message":"Mapped {/api/services, POST} (version: 1) route","timestamp":"2026-04-20T00:07:28.390Z"}
{"context":"RouterExplorer","level":"info","message":"Mapped {/api/services/:id, PATCH} (version: 1) route","timestamp":"2026-04-20T00:07:28.390Z"}
{"context":"RouterExplorer","level":"info","message":"Mapped {/api/services/:id, DELETE} (version: 1) route","timestamp":"2026-04-20T00:07:28.391Z"}
{"context":"RouterExplorer","level":"info","message":"Mapped {/api/services/:id/toggle-active, PATCH} (version: 1) route","timestamp":"2026-04-20T00:07:28.391Z"}
{"context":"RoutesResolver","level":"info","message":"OrdersController {/api/orders} (version: 1):","timestamp":"2026-04-20T00:07:28.391Z"}
{"context":"RouterExplorer","level":"info","message":"Mapped {/api/orders, POST} (version: 1) route","timestamp":"2026-04-20T00:07:28.391Z"}
{"context":"RouterExplorer","level":"info","message":"Mapped {/api/orders/me, GET} (version: 1) route","timestamp":"2026-04-20T00:07:28.392Z"}
{"context":"RouterExplorer","level":"info","message":"Mapped {/api/orders, GET} (version: 1) route","timestamp":"2026-04-20T00:07:28.392Z"}
{"context":"RouterExplorer","level":"info","message":"Mapped {/api/orders/:id, GET} (version: 1) route","timestamp":"2026-04-20T00:07:28.392Z"}
{"context":"RouterExplorer","level":"info","message":"Mapped {/api/orders/:id/status, PATCH} (version: 1) route","timestamp":"2026-04-20T00:07:28.393Z"}
{"context":"RoutesResolver","level":"info","message":"PaymentsController {/api/payments} (version: 1):","timestamp":"2026-04-20T00:07:28.393Z"}
{"context":"RouterExplorer","level":"info","message":"Mapped {/api/payments/initiate, POST} (version: 1) route","timestamp":"2026-04-20T00:07:28.393Z"}
{"context":"RouterExplorer","level":"info","message":"Mapped {/api/payments/webhook, POST} (version: 1) route","timestamp":"2026-04-20T00:07:28.393Z"}
{"context":"RouterExplorer","level":"info","message":"Mapped {/api/payments/:id, GET} (version: 1) route","timestamp":"2026-04-20T00:07:28.394Z"}
{"context":"RoutesResolver","level":"info","message":"CountriesController {/api/countries} (version: 1):","timestamp":"2026-04-20T00:07:28.394Z"}
{"context":"RouterExplorer","level":"info","message":"Mapped {/api/countries, GET} (version: 1) route","timestamp":"2026-04-20T00:07:28.394Z"}
{"context":"RouterExplorer","level":"info","message":"Mapped {/api/countries/seed, POST} (version: 1) route","timestamp":"2026-04-20T00:07:28.394Z"}
{"context":"RoutesResolver","level":"info","message":"FaqController {/api/faq} (version: 1):","timestamp":"2026-04-20T00:07:28.395Z"}
{"context":"RouterExplorer","level":"info","message":"Mapped {/api/faq, GET} (version: 1) route","timestamp":"2026-04-20T00:07:28.395Z"}
{"context":"RoutesResolver","level":"info","message":"TestimonialsController {/api/testimonials} (version: 1):","timestamp":"2026-04-20T00:07:28.395Z"}
{"context":"RouterExplorer","level":"info","message":"Mapped {/api/testimonials, GET} (version: 1) route","timestamp":"2026-04-20T00:07:28.395Z"}
{"context":"RoutesResolver","level":"info","message":"UploadController {/api/upload} (version: 1):","timestamp":"2026-04-20T00:07:28.396Z"}
{"context":"RouterExplorer","level":"info","message":"Mapped {/api/upload/images, POST} (version: 1) route","timestamp":"2026-04-20T00:07:28.396Z"}
{"context":"RouterExplorer","level":"info","message":"Mapped {/api/upload/videos, POST} (version: 1) route","timestamp":"2026-04-20T00:07:28.396Z"}
{"context":"RouterExplorer","level":"info","message":"Mapped {/api/upload/delete, POST} (version: 1) route","timestamp":"2026-04-20T00:07:28.397Z"}
{"context":"NestApplication","level":"info","message":"Nest application successfully started","timestamp":"2026-04-20T00:07:28.397Z"}
{"context":"Bootstrap","level":"info","message":"Khairat API running on port 3001","timestamp":"2026-04-20T00:07:28.399Z"}
{"context":"Bootstrap","level":"info","message":"Swagger docs: http://localhost:3001/api/docs","timestamp":"2026-04-20T00:07:28.399Z"}
{"context":"NestFactory","level":"info","message":"Starting Nest application...","timestamp":"2026-04-20T11:25:06.341Z"}
{"context":"InstanceLoader","level":"info","message":"AppModule dependencies initialized","timestamp":"2026-04-20T11:25:06.342Z"}
{"context":"InstanceLoader","level":"info","message":"TypeOrmModule dependencies initialized","timestamp":"2026-04-20T11:25:06.343Z"}
{"context":"InstanceLoader","level":"info","message":"PassportModule dependencies initialized","timestamp":"2026-04-20T11:25:06.343Z"}
{"context":"InstanceLoader","level":"info","message":"ThrottlerModule dependencies initialized","timestamp":"2026-04-20T11:25:06.344Z"}
{"context":"InstanceLoader","level":"info","message":"ConfigHostModule dependencies initialized","timestamp":"2026-04-20T11:25:06.344Z"}
{"context":"InstanceLoader","level":"info","message":"WinstonModule dependencies initialized","timestamp":"2026-04-20T11:25:06.344Z"}
{"context":"InstanceLoader","level":"info","message":"ConfigModule dependencies initialized","timestamp":"2026-04-20T11:25:06.345Z"}
{"context":"InstanceLoader","level":"info","message":"ConfigModule dependencies initialized","timestamp":"2026-04-20T11:25:06.345Z"}
{"context":"InstanceLoader","level":"info","message":"JwtModule dependencies initialized","timestamp":"2026-04-20T11:25:06.346Z"}
{"context":"InstanceLoader","level":"info","message":"UploadModule dependencies initialized","timestamp":"2026-04-20T11:25:06.346Z"}
{"context":"InstanceLoader","level":"info","message":"TypeOrmCoreModule dependencies initialized","timestamp":"2026-04-20T11:25:06.346Z"}
{"context":"InstanceLoader","level":"info","message":"TypeOrmModule dependencies initialized","timestamp":"2026-04-20T11:25:06.347Z"}
{"context":"InstanceLoader","level":"info","message":"TypeOrmModule dependencies initialized","timestamp":"2026-04-20T11:25:06.347Z"}
{"context":"InstanceLoader","level":"info","message":"TypeOrmModule dependencies initialized","timestamp":"2026-04-20T11:25:06.348Z"}
{"context":"InstanceLoader","level":"info","message":"TypeOrmModule dependencies initialized","timestamp":"2026-04-20T11:25:06.348Z"}
{"context":"InstanceLoader","level":"info","message":"TypeOrmModule dependencies initialized","timestamp":"2026-04-20T11:25:06.349Z"}
{"context":"InstanceLoader","level":"info","message":"TypeOrmModule dependencies initialized","timestamp":"2026-04-20T11:25:06.349Z"}
{"context":"InstanceLoader","level":"info","message":"TypeOrmModule dependencies initialized","timestamp":"2026-04-20T11:25:06.349Z"}
{"context":"InstanceLoader","level":"info","message":"FaqModule dependencies initialized","timestamp":"2026-04-20T11:25:06.350Z"}
{"context":"InstanceLoader","level":"info","message":"TestimonialsModule dependencies initialized","timestamp":"2026-04-20T11:25:06.350Z"}
{"context":"InstanceLoader","level":"info","message":"CountriesModule dependencies initialized","timestamp":"2026-04-20T11:25:06.350Z"}
{"context":"InstanceLoader","level":"info","message":"UsersModule dependencies initialized","timestamp":"2026-04-20T11:25:06.351Z"}
{"context":"InstanceLoader","level":"info","message":"AuthModule dependencies initialized","timestamp":"2026-04-20T11:25:06.351Z"}
{"context":"InstanceLoader","level":"info","message":"ServicesModule dependencies initialized","timestamp":"2026-04-20T11:25:06.351Z"}
{"context":"InstanceLoader","level":"info","message":"OrdersModule dependencies initialized","timestamp":"2026-04-20T11:25:06.352Z"}
{"context":"InstanceLoader","level":"info","message":"PaymentsModule dependencies initialized","timestamp":"2026-04-20T11:25:06.352Z"}
{"context":"RoutesResolver","level":"info","message":"AuthController {/api/auth} (version: 1):","timestamp":"2026-04-20T11:25:06.352Z"}
{"context":"RouterExplorer","level":"info","message":"Mapped {/api/auth/register, POST} (version: 1) route","timestamp":"2026-04-20T11:25:06.353Z"}
{"context":"RouterExplorer","level":"info","message":"Mapped {/api/auth/login, POST} (version: 1) route","timestamp":"2026-04-20T11:25:06.353Z"}
{"context":"RouterExplorer","level":"info","message":"Mapped {/api/auth/refresh, POST} (version: 1) route","timestamp":"2026-04-20T11:25:06.353Z"}
{"context":"RouterExplorer","level":"info","message":"Mapped {/api/auth/forgot-password, POST} (version: 1) route","timestamp":"2026-04-20T11:25:06.354Z"}
{"context":"RouterExplorer","level":"info","message":"Mapped {/api/auth/reset-password, POST} (version: 1) route","timestamp":"2026-04-20T11:25:06.354Z"}
{"context":"RoutesResolver","level":"info","message":"UsersController {/api/users} (version: 1):","timestamp":"2026-04-20T11:25:06.354Z"}
{"context":"RouterExplorer","level":"info","message":"Mapped {/api/users/me, GET} (version: 1) route","timestamp":"2026-04-20T11:25:06.355Z"}
{"context":"RouterExplorer","level":"info","message":"Mapped {/api/users/me, PATCH} (version: 1) route","timestamp":"2026-04-20T11:25:06.355Z"}
{"context":"RouterExplorer","level":"info","message":"Mapped {/api/users, POST} (version: 1) route","timestamp":"2026-04-20T11:25:06.355Z"}
{"context":"RouterExplorer","level":"info","message":"Mapped {/api/users, GET} (version: 1) route","timestamp":"2026-04-20T11:25:06.356Z"}
{"context":"RouterExplorer","level":"info","message":"Mapped {/api/users/:id, GET} (version: 1) route","timestamp":"2026-04-20T11:25:06.356Z"}
{"context":"RouterExplorer","level":"info","message":"Mapped {/api/users/:id, PATCH} (version: 1) route","timestamp":"2026-04-20T11:25:06.356Z"}
{"context":"RouterExplorer","level":"info","message":"Mapped {/api/users/:id, DELETE} (version: 1) route","timestamp":"2026-04-20T11:25:06.357Z"}
{"context":"RouterExplorer","level":"info","message":"Mapped {/api/users/:id/block, PATCH} (version: 1) route","timestamp":"2026-04-20T11:25:06.357Z"}
{"context":"RouterExplorer","level":"info","message":"Mapped {/api/users/:id/unblock, PATCH} (version: 1) route","timestamp":"2026-04-20T11:25:06.357Z"}
{"context":"RoutesResolver","level":"info","message":"ServicesController {/api/services} (version: 1):","timestamp":"2026-04-20T11:25:06.357Z"}
{"context":"RouterExplorer","level":"info","message":"Mapped {/api/services, GET} (version: 1) route","timestamp":"2026-04-20T11:25:06.358Z"}
{"context":"RouterExplorer","level":"info","message":"Mapped {/api/services/:id, GET} (version: 1) route","timestamp":"2026-04-20T11:25:06.358Z"}
{"context":"RouterExplorer","level":"info","message":"Mapped {/api/services, POST} (version: 1) route","timestamp":"2026-04-20T11:25:06.358Z"}
{"context":"RouterExplorer","level":"info","message":"Mapped {/api/services/:id, PATCH} (version: 1) route","timestamp":"2026-04-20T11:25:06.359Z"}
{"context":"RouterExplorer","level":"info","message":"Mapped {/api/services/:id, DELETE} (version: 1) route","timestamp":"2026-04-20T11:25:06.359Z"}
{"context":"RouterExplorer","level":"info","message":"Mapped {/api/services/:id/toggle-active, PATCH} (version: 1) route","timestamp":"2026-04-20T11:25:06.359Z"}
{"context":"RoutesResolver","level":"info","message":"OrdersController {/api/orders} (version: 1):","timestamp":"2026-04-20T11:25:06.359Z"}
{"context":"RouterExplorer","level":"info","message":"Mapped {/api/orders, POST} (version: 1) route","timestamp":"2026-04-20T11:25:06.360Z"}
{"context":"RouterExplorer","level":"info","message":"Mapped {/api/orders/me, GET} (version: 1) route","timestamp":"2026-04-20T11:25:06.360Z"}
{"context":"RouterExplorer","level":"info","message":"Mapped {/api/orders, GET} (version: 1) route","timestamp":"2026-04-20T11:25:06.360Z"}
{"context":"RouterExplorer","level":"info","message":"Mapped {/api/orders/:id, GET} (version: 1) route","timestamp":"2026-04-20T11:25:06.360Z"}
{"context":"RouterExplorer","level":"info","message":"Mapped {/api/orders/:id/status, PATCH} (version: 1) route","timestamp":"2026-04-20T11:25:06.361Z"}
{"context":"RoutesResolver","level":"info","message":"PaymentsController {/api/payments} (version: 1):","timestamp":"2026-04-20T11:25:06.361Z"}
{"context":"RouterExplorer","level":"info","message":"Mapped {/api/payments/initiate, POST} (version: 1) route","timestamp":"2026-04-20T11:25:06.361Z"}
{"context":"RouterExplorer","level":"info","message":"Mapped {/api/payments/webhook, POST} (version: 1) route","timestamp":"2026-04-20T11:25:06.361Z"}
{"context":"RouterExplorer","level":"info","message":"Mapped {/api/payments/:id, GET} (version: 1) route","timestamp":"2026-04-20T11:25:06.362Z"}
{"context":"RoutesResolver","level":"info","message":"CountriesController {/api/countries} (version: 1):","timestamp":"2026-04-20T11:25:06.362Z"}
{"context":"RouterExplorer","level":"info","message":"Mapped {/api/countries, GET} (version: 1) route","timestamp":"2026-04-20T11:25:06.362Z"}
{"context":"RouterExplorer","level":"info","message":"Mapped {/api/countries/seed, POST} (version: 1) route","timestamp":"2026-04-20T11:25:06.363Z"}
{"context":"RoutesResolver","level":"info","message":"FaqController {/api/faq} (version: 1):","timestamp":"2026-04-20T11:25:06.363Z"}
{"context":"RouterExplorer","level":"info","message":"Mapped {/api/faq, GET} (version: 1) route","timestamp":"2026-04-20T11:25:06.363Z"}
{"context":"RoutesResolver","level":"info","message":"TestimonialsController {/api/testimonials} (version: 1):","timestamp":"2026-04-20T11:25:06.363Z"}
{"context":"RouterExplorer","level":"info","message":"Mapped {/api/testimonials, GET} (version: 1) route","timestamp":"2026-04-20T11:25:06.364Z"}
{"context":"RoutesResolver","level":"info","message":"UploadController {/api/upload} (version: 1):","timestamp":"2026-04-20T11:25:06.365Z"}
{"context":"RouterExplorer","level":"info","message":"Mapped {/api/upload/images, POST} (version: 1) route","timestamp":"2026-04-20T11:25:06.365Z"}
{"context":"RouterExplorer","level":"info","message":"Mapped {/api/upload/videos, POST} (version: 1) route","timestamp":"2026-04-20T11:25:06.365Z"}
{"context":"RouterExplorer","level":"info","message":"Mapped {/api/upload/delete, POST} (version: 1) route","timestamp":"2026-04-20T11:25:06.366Z"}
{"context":"NestApplication","level":"info","message":"Nest application successfully started","timestamp":"2026-04-20T11:25:06.366Z"}
{"context":"Bootstrap","level":"info","message":"Khairat API running on port 3001","timestamp":"2026-04-20T11:25:06.369Z"}
{"context":"Bootstrap","level":"info","message":"Swagger docs: http://localhost:3001/api/docs","timestamp":"2026-04-20T11:25:06.369Z"}
{"context":"NestFactory","level":"info","message":"Starting Nest application...","timestamp":"2026-04-20T11:40:08.409Z"}
{"context":"InstanceLoader","level":"info","message":"AppModule dependencies initialized","timestamp":"2026-04-20T11:40:08.410Z"}
{"context":"InstanceLoader","level":"info","message":"TypeOrmModule dependencies initialized","timestamp":"2026-04-20T11:40:08.411Z"}
{"context":"InstanceLoader","level":"info","message":"PassportModule dependencies initialized","timestamp":"2026-04-20T11:40:08.411Z"}
{"context":"InstanceLoader","level":"info","message":"ThrottlerModule dependencies initialized","timestamp":"2026-04-20T11:40:08.411Z"}
{"context":"InstanceLoader","level":"info","message":"ConfigHostModule dependencies initialized","timestamp":"2026-04-20T11:40:08.412Z"}
{"context":"InstanceLoader","level":"info","message":"WinstonModule dependencies initialized","timestamp":"2026-04-20T11:40:08.412Z"}
{"context":"InstanceLoader","level":"info","message":"ConfigModule dependencies initialized","timestamp":"2026-04-20T11:40:08.412Z"}
{"context":"InstanceLoader","level":"info","message":"ConfigModule dependencies initialized","timestamp":"2026-04-20T11:40:08.412Z"}
{"context":"InstanceLoader","level":"info","message":"JwtModule dependencies initialized","timestamp":"2026-04-20T11:40:08.413Z"}
{"context":"InstanceLoader","level":"info","message":"UploadModule dependencies initialized","timestamp":"2026-04-20T11:40:08.413Z"}
{"context":"InstanceLoader","level":"info","message":"TypeOrmCoreModule dependencies initialized","timestamp":"2026-04-20T11:40:08.413Z"}
{"context":"InstanceLoader","level":"info","message":"TypeOrmModule dependencies initialized","timestamp":"2026-04-20T11:40:08.413Z"}
{"context":"InstanceLoader","level":"info","message":"TypeOrmModule dependencies initialized","timestamp":"2026-04-20T11:40:08.414Z"}
{"context":"InstanceLoader","level":"info","message":"TypeOrmModule dependencies initialized","timestamp":"2026-04-20T11:40:08.414Z"}
{"context":"InstanceLoader","level":"info","message":"TypeOrmModule dependencies initialized","timestamp":"2026-04-20T11:40:08.414Z"}
{"context":"InstanceLoader","level":"info","message":"TypeOrmModule dependencies initialized","timestamp":"2026-04-20T11:40:08.414Z"}
{"context":"InstanceLoader","level":"info","message":"TypeOrmModule dependencies initialized","timestamp":"2026-04-20T11:40:08.415Z"}
{"context":"InstanceLoader","level":"info","message":"TypeOrmModule dependencies initialized","timestamp":"2026-04-20T11:40:08.415Z"}
{"context":"InstanceLoader","level":"info","message":"FaqModule dependencies initialized","timestamp":"2026-04-20T11:40:08.415Z"}
{"context":"InstanceLoader","level":"info","message":"TestimonialsModule dependencies initialized","timestamp":"2026-04-20T11:40:08.415Z"}
{"context":"InstanceLoader","level":"info","message":"CountriesModule dependencies initialized","timestamp":"2026-04-20T11:40:08.415Z"}
{"context":"InstanceLoader","level":"info","message":"UsersModule dependencies initialized","timestamp":"2026-04-20T11:40:08.416Z"}
{"context":"InstanceLoader","level":"info","message":"AuthModule dependencies initialized","timestamp":"2026-04-20T11:40:08.416Z"}
{"context":"InstanceLoader","level":"info","message":"ServicesModule dependencies initialized","timestamp":"2026-04-20T11:40:08.416Z"}
{"context":"InstanceLoader","level":"info","message":"OrdersModule dependencies initialized","timestamp":"2026-04-20T11:40:08.416Z"}
{"context":"InstanceLoader","level":"info","message":"PaymentsModule dependencies initialized","timestamp":"2026-04-20T11:40:08.416Z"}
{"context":"RoutesResolver","level":"info","message":"AuthController {/api/auth} (version: 1):","timestamp":"2026-04-20T11:40:08.417Z"}
{"context":"RouterExplorer","level":"info","message":"Mapped {/api/auth/register, POST} (version: 1) route","timestamp":"2026-04-20T11:40:08.417Z"}
{"context":"RouterExplorer","level":"info","message":"Mapped {/api/auth/login, POST} (version: 1) route","timestamp":"2026-04-20T11:40:08.417Z"}
{"context":"RouterExplorer","level":"info","message":"Mapped {/api/auth/refresh, POST} (version: 1) route","timestamp":"2026-04-20T11:40:08.417Z"}
{"context":"RouterExplorer","level":"info","message":"Mapped {/api/auth/forgot-password, POST} (version: 1) route","timestamp":"2026-04-20T11:40:08.418Z"}
{"context":"RouterExplorer","level":"info","message":"Mapped {/api/auth/reset-password, POST} (version: 1) route","timestamp":"2026-04-20T11:40:08.418Z"}
{"context":"RoutesResolver","level":"info","message":"UsersController {/api/users} (version: 1):","timestamp":"2026-04-20T11:40:08.418Z"}
{"context":"RouterExplorer","level":"info","message":"Mapped {/api/users/me, GET} (version: 1) route","timestamp":"2026-04-20T11:40:08.418Z"}
{"context":"RouterExplorer","level":"info","message":"Mapped {/api/users/me, PATCH} (version: 1) route","timestamp":"2026-04-20T11:40:08.418Z"}
{"context":"RouterExplorer","level":"info","message":"Mapped {/api/users, POST} (version: 1) route","timestamp":"2026-04-20T11:40:08.419Z"}
{"context":"RouterExplorer","level":"info","message":"Mapped {/api/users, GET} (version: 1) route","timestamp":"2026-04-20T11:40:08.419Z"}
{"context":"RouterExplorer","level":"info","message":"Mapped {/api/users/:id, GET} (version: 1) route","timestamp":"2026-04-20T11:40:08.419Z"}
{"context":"RouterExplorer","level":"info","message":"Mapped {/api/users/:id, PATCH} (version: 1) route","timestamp":"2026-04-20T11:40:08.419Z"}
{"context":"RouterExplorer","level":"info","message":"Mapped {/api/users/:id, DELETE} (version: 1) route","timestamp":"2026-04-20T11:40:08.420Z"}
{"context":"RouterExplorer","level":"info","message":"Mapped {/api/users/:id/block, PATCH} (version: 1) route","timestamp":"2026-04-20T11:40:08.420Z"}
{"context":"RouterExplorer","level":"info","message":"Mapped {/api/users/:id/unblock, PATCH} (version: 1) route","timestamp":"2026-04-20T11:40:08.420Z"}
{"context":"RoutesResolver","level":"info","message":"ServicesController {/api/services} (version: 1):","timestamp":"2026-04-20T11:40:08.420Z"}
{"context":"RouterExplorer","level":"info","message":"Mapped {/api/services, GET} (version: 1) route","timestamp":"2026-04-20T11:40:08.421Z"}
{"context":"RouterExplorer","level":"info","message":"Mapped {/api/services/:id, GET} (version: 1) route","timestamp":"2026-04-20T11:40:08.421Z"}
{"context":"RouterExplorer","level":"info","message":"Mapped {/api/services, POST} (version: 1) route","timestamp":"2026-04-20T11:40:08.421Z"}
{"context":"RouterExplorer","level":"info","message":"Mapped {/api/services/:id, PATCH} (version: 1) route","timestamp":"2026-04-20T11:40:08.421Z"}
{"context":"RouterExplorer","level":"info","message":"Mapped {/api/services/:id, DELETE} (version: 1) route","timestamp":"2026-04-20T11:40:08.421Z"}
{"context":"RouterExplorer","level":"info","message":"Mapped {/api/services/:id/toggle-active, PATCH} (version: 1) route","timestamp":"2026-04-20T11:40:08.422Z"}
{"context":"RoutesResolver","level":"info","message":"OrdersController {/api/orders} (version: 1):","timestamp":"2026-04-20T11:40:08.422Z"}
{"context":"RouterExplorer","level":"info","message":"Mapped {/api/orders, POST} (version: 1) route","timestamp":"2026-04-20T11:40:08.422Z"}
{"context":"RouterExplorer","level":"info","message":"Mapped {/api/orders/me, GET} (version: 1) route","timestamp":"2026-04-20T11:40:08.422Z"}
{"context":"RouterExplorer","level":"info","message":"Mapped {/api/orders, GET} (version: 1) route","timestamp":"2026-04-20T11:40:08.423Z"}
{"context":"RouterExplorer","level":"info","message":"Mapped {/api/orders/:id, GET} (version: 1) route","timestamp":"2026-04-20T11:40:08.423Z"}
{"context":"RouterExplorer","level":"info","message":"Mapped {/api/orders/:id/status, PATCH} (version: 1) route","timestamp":"2026-04-20T11:40:08.423Z"}
{"context":"RoutesResolver","level":"info","message":"PaymentsController {/api/payments} (version: 1):","timestamp":"2026-04-20T11:40:08.423Z"}
{"context":"RouterExplorer","level":"info","message":"Mapped {/api/payments/initiate, POST} (version: 1) route","timestamp":"2026-04-20T11:40:08.423Z"}
{"context":"RouterExplorer","level":"info","message":"Mapped {/api/payments/webhook, POST} (version: 1) route","timestamp":"2026-04-20T11:40:08.424Z"}
{"context":"RouterExplorer","level":"info","message":"Mapped {/api/payments/:id, GET} (version: 1) route","timestamp":"2026-04-20T11:40:08.424Z"}
{"context":"RoutesResolver","level":"info","message":"CountriesController {/api/countries} (version: 1):","timestamp":"2026-04-20T11:40:08.424Z"}
{"context":"RouterExplorer","level":"info","message":"Mapped {/api/countries, GET} (version: 1) route","timestamp":"2026-04-20T11:40:08.424Z"}
{"context":"RouterExplorer","level":"info","message":"Mapped {/api/countries/seed, POST} (version: 1) route","timestamp":"2026-04-20T11:40:08.425Z"}
{"context":"RoutesResolver","level":"info","message":"FaqController {/api/faq} (version: 1):","timestamp":"2026-04-20T11:40:08.425Z"}
{"context":"RouterExplorer","level":"info","message":"Mapped {/api/faq, GET} (version: 1) route","timestamp":"2026-04-20T11:40:08.425Z"}
{"context":"RoutesResolver","level":"info","message":"TestimonialsController {/api/testimonials} (version: 1):","timestamp":"2026-04-20T11:40:08.425Z"}
{"context":"RouterExplorer","level":"info","message":"Mapped {/api/testimonials, GET} (version: 1) route","timestamp":"2026-04-20T11:40:08.425Z"}
{"context":"RoutesResolver","level":"info","message":"UploadController {/api/upload} (version: 1):","timestamp":"2026-04-20T11:40:08.426Z"}
{"context":"RouterExplorer","level":"info","message":"Mapped {/api/upload/images, POST} (version: 1) route","timestamp":"2026-04-20T11:40:08.426Z"}
{"context":"RouterExplorer","level":"info","message":"Mapped {/api/upload/videos, POST} (version: 1) route","timestamp":"2026-04-20T11:40:08.426Z"}
{"context":"RouterExplorer","level":"info","message":"Mapped {/api/upload/delete, POST} (version: 1) route","timestamp":"2026-04-20T11:40:08.427Z"}
{"context":"NestApplication","level":"info","message":"Nest application successfully started","timestamp":"2026-04-20T11:40:08.427Z"}
{"context":"Bootstrap","level":"info","message":"Khairat API running on port 3001","timestamp":"2026-04-20T11:40:08.428Z"}
{"context":"Bootstrap","level":"info","message":"Swagger docs: http://localhost:3001/api/docs","timestamp":"2026-04-20T11:40:08.428Z"}
{"context":"NestFactory","level":"info","message":"Starting Nest application...","timestamp":"2026-04-20T12:00:50.668Z"}
{"context":"InstanceLoader","level":"info","message":"AppModule dependencies initialized","timestamp":"2026-04-20T12:00:50.669Z"}
{"context":"InstanceLoader","level":"info","message":"TypeOrmModule dependencies initialized","timestamp":"2026-04-20T12:00:50.669Z"}
{"context":"InstanceLoader","level":"info","message":"PassportModule dependencies initialized","timestamp":"2026-04-20T12:00:50.670Z"}
{"context":"InstanceLoader","level":"info","message":"ThrottlerModule dependencies initialized","timestamp":"2026-04-20T12:00:50.670Z"}
{"context":"InstanceLoader","level":"info","message":"ConfigHostModule dependencies initialized","timestamp":"2026-04-20T12:00:50.671Z"}
{"context":"InstanceLoader","level":"info","message":"WinstonModule dependencies initialized","timestamp":"2026-04-20T12:00:50.671Z"}
{"context":"InstanceLoader","level":"info","message":"ConfigModule dependencies initialized","timestamp":"2026-04-20T12:00:50.671Z"}
{"context":"InstanceLoader","level":"info","message":"ConfigModule dependencies initialized","timestamp":"2026-04-20T12:00:50.672Z"}
{"context":"InstanceLoader","level":"info","message":"JwtModule dependencies initialized","timestamp":"2026-04-20T12:00:50.672Z"}
{"context":"InstanceLoader","level":"info","message":"UploadModule dependencies initialized","timestamp":"2026-04-20T12:00:50.673Z"}
{"context":"InstanceLoader","level":"info","message":"TypeOrmCoreModule dependencies initialized","timestamp":"2026-04-20T12:00:50.673Z"}
{"context":"InstanceLoader","level":"info","message":"TypeOrmModule dependencies initialized","timestamp":"2026-04-20T12:00:50.673Z"}
{"context":"InstanceLoader","level":"info","message":"TypeOrmModule dependencies initialized","timestamp":"2026-04-20T12:00:50.674Z"}
{"context":"InstanceLoader","level":"info","message":"TypeOrmModule dependencies initialized","timestamp":"2026-04-20T12:00:50.674Z"}
{"context":"InstanceLoader","level":"info","message":"TypeOrmModule dependencies initialized","timestamp":"2026-04-20T12:00:50.674Z"}
{"context":"InstanceLoader","level":"info","message":"TypeOrmModule dependencies initialized","timestamp":"2026-04-20T12:00:50.675Z"}
{"context":"InstanceLoader","level":"info","message":"TypeOrmModule dependencies initialized","timestamp":"2026-04-20T12:00:50.675Z"}
{"context":"InstanceLoader","level":"info","message":"TypeOrmModule dependencies initialized","timestamp":"2026-04-20T12:00:50.676Z"}
{"context":"InstanceLoader","level":"info","message":"FaqModule dependencies initialized","timestamp":"2026-04-20T12:00:50.676Z"}
{"context":"InstanceLoader","level":"info","message":"CountriesModule dependencies initialized","timestamp":"2026-04-20T12:00:50.677Z"}
{"context":"InstanceLoader","level":"info","message":"TestimonialsModule dependencies initialized","timestamp":"2026-04-20T12:00:50.677Z"}
{"context":"InstanceLoader","level":"info","message":"UsersModule dependencies initialized","timestamp":"2026-04-20T12:00:50.677Z"}
{"context":"InstanceLoader","level":"info","message":"AuthModule dependencies initialized","timestamp":"2026-04-20T12:00:50.678Z"}
{"context":"InstanceLoader","level":"info","message":"ServicesModule dependencies initialized","timestamp":"2026-04-20T12:00:50.678Z"}
{"context":"InstanceLoader","level":"info","message":"OrdersModule dependencies initialized","timestamp":"2026-04-20T12:00:50.678Z"}
{"context":"InstanceLoader","level":"info","message":"PaymentsModule dependencies initialized","timestamp":"2026-04-20T12:00:50.678Z"}
{"context":"RoutesResolver","level":"info","message":"AuthController {/api/auth} (version: 1):","timestamp":"2026-04-20T12:00:50.679Z"}
{"context":"RouterExplorer","level":"info","message":"Mapped {/api/auth/register, POST} (version: 1) route","timestamp":"2026-04-20T12:00:50.679Z"}
{"context":"RouterExplorer","level":"info","message":"Mapped {/api/auth/login, POST} (version: 1) route","timestamp":"2026-04-20T12:00:50.679Z"}
{"context":"RouterExplorer","level":"info","message":"Mapped {/api/auth/refresh, POST} (version: 1) route","timestamp":"2026-04-20T12:00:50.679Z"}
{"context":"RouterExplorer","level":"info","message":"Mapped {/api/auth/forgot-password, POST} (version: 1) route","timestamp":"2026-04-20T12:00:50.680Z"}
{"context":"RouterExplorer","level":"info","message":"Mapped {/api/auth/reset-password, POST} (version: 1) route","timestamp":"2026-04-20T12:00:50.680Z"}
{"context":"RoutesResolver","level":"info","message":"UsersController {/api/users} (version: 1):","timestamp":"2026-04-20T12:00:50.680Z"}
{"context":"RouterExplorer","level":"info","message":"Mapped {/api/users/me, GET} (version: 1) route","timestamp":"2026-04-20T12:00:50.681Z"}
{"context":"RouterExplorer","level":"info","message":"Mapped {/api/users/me, PATCH} (version: 1) route","timestamp":"2026-04-20T12:00:50.681Z"}
{"context":"RouterExplorer","level":"info","message":"Mapped {/api/users, POST} (version: 1) route","timestamp":"2026-04-20T12:00:50.681Z"}
{"context":"RouterExplorer","level":"info","message":"Mapped {/api/users, GET} (version: 1) route","timestamp":"2026-04-20T12:00:50.681Z"}
{"context":"RouterExplorer","level":"info","message":"Mapped {/api/users/:id, GET} (version: 1) route","timestamp":"2026-04-20T12:00:50.682Z"}
{"context":"RouterExplorer","level":"info","message":"Mapped {/api/users/:id, PATCH} (version: 1) route","timestamp":"2026-04-20T12:00:50.682Z"}
{"context":"RouterExplorer","level":"info","message":"Mapped {/api/users/:id, DELETE} (version: 1) route","timestamp":"2026-04-20T12:00:50.682Z"}
{"context":"RouterExplorer","level":"info","message":"Mapped {/api/users/:id/block, PATCH} (version: 1) route","timestamp":"2026-04-20T12:00:50.682Z"}
{"context":"RouterExplorer","level":"info","message":"Mapped {/api/users/:id/unblock, PATCH} (version: 1) route","timestamp":"2026-04-20T12:00:50.683Z"}
{"context":"RoutesResolver","level":"info","message":"ServicesController {/api/services} (version: 1):","timestamp":"2026-04-20T12:00:50.683Z"}
{"context":"RouterExplorer","level":"info","message":"Mapped {/api/services, GET} (version: 1) route","timestamp":"2026-04-20T12:00:50.683Z"}
{"context":"RouterExplorer","level":"info","message":"Mapped {/api/services/:id, GET} (version: 1) route","timestamp":"2026-04-20T12:00:50.684Z"}
{"context":"RouterExplorer","level":"info","message":"Mapped {/api/services, POST} (version: 1) route","timestamp":"2026-04-20T12:00:50.684Z"}
{"context":"RouterExplorer","level":"info","message":"Mapped {/api/services/:id, PATCH} (version: 1) route","timestamp":"2026-04-20T12:00:50.684Z"}
{"context":"RouterExplorer","level":"info","message":"Mapped {/api/services/:id, DELETE} (version: 1) route","timestamp":"2026-04-20T12:00:50.684Z"}
{"context":"RouterExplorer","level":"info","message":"Mapped {/api/services/:id/toggle-active, PATCH} (version: 1) route","timestamp":"2026-04-20T12:00:50.685Z"}
{"context":"RoutesResolver","level":"info","message":"OrdersController {/api/orders} (version: 1):","timestamp":"2026-04-20T12:00:50.685Z"}
{"context":"RouterExplorer","level":"info","message":"Mapped {/api/orders, POST} (version: 1) route","timestamp":"2026-04-20T12:00:50.685Z"}
{"context":"RouterExplorer","level":"info","message":"Mapped {/api/orders/me, GET} (version: 1) route","timestamp":"2026-04-20T12:00:50.685Z"}
{"context":"RouterExplorer","level":"info","message":"Mapped {/api/orders, GET} (version: 1) route","timestamp":"2026-04-20T12:00:50.686Z"}
{"context":"RouterExplorer","level":"info","message":"Mapped {/api/orders/:id, GET} (version: 1) route","timestamp":"2026-04-20T12:00:50.686Z"}
{"context":"RouterExplorer","level":"info","message":"Mapped {/api/orders/:id/status, PATCH} (version: 1) route","timestamp":"2026-04-20T12:00:50.686Z"}
{"context":"RoutesResolver","level":"info","message":"PaymentsController {/api/payments} (version: 1):","timestamp":"2026-04-20T12:00:50.686Z"}
{"context":"RouterExplorer","level":"info","message":"Mapped {/api/payments/initiate, POST} (version: 1) route","timestamp":"2026-04-20T12:00:50.687Z"}
{"context":"RouterExplorer","level":"info","message":"Mapped {/api/payments/webhook, POST} (version: 1) route","timestamp":"2026-04-20T12:00:50.687Z"}
{"context":"RouterExplorer","level":"info","message":"Mapped {/api/payments/:id, GET} (version: 1) route","timestamp":"2026-04-20T12:00:50.687Z"}
{"context":"RoutesResolver","level":"info","message":"CountriesController {/api/countries} (version: 1):","timestamp":"2026-04-20T12:00:50.688Z"}
{"context":"RouterExplorer","level":"info","message":"Mapped {/api/countries, GET} (version: 1) route","timestamp":"2026-04-20T12:00:50.688Z"}
{"context":"RouterExplorer","level":"info","message":"Mapped {/api/countries/seed, POST} (version: 1) route","timestamp":"2026-04-20T12:00:50.688Z"}
{"context":"RoutesResolver","level":"info","message":"FaqController {/api/faq} (version: 1):","timestamp":"2026-04-20T12:00:50.688Z"}
{"context":"RouterExplorer","level":"info","message":"Mapped {/api/faq, GET} (version: 1) route","timestamp":"2026-04-20T12:00:50.689Z"}
{"context":"RoutesResolver","level":"info","message":"TestimonialsController {/api/testimonials} (version: 1):","timestamp":"2026-04-20T12:00:50.689Z"}
{"context":"RouterExplorer","level":"info","message":"Mapped {/api/testimonials, GET} (version: 1) route","timestamp":"2026-04-20T12:00:50.689Z"}
{"context":"RouterExplorer","level":"info","message":"Mapped {/api/testimonials/admin, GET} (version: 1) route","timestamp":"2026-04-20T12:00:50.689Z"}
{"context":"RouterExplorer","level":"info","message":"Mapped {/api/testimonials, POST} (version: 1) route","timestamp":"2026-04-20T12:00:50.690Z"}
{"context":"RouterExplorer","level":"info","message":"Mapped {/api/testimonials/:id, PATCH} (version: 1) route","timestamp":"2026-04-20T12:00:50.690Z"}
{"context":"RouterExplorer","level":"info","message":"Mapped {/api/testimonials/:id/toggle-visible, PATCH} (version: 1) route","timestamp":"2026-04-20T12:00:50.690Z"}
{"context":"RouterExplorer","level":"info","message":"Mapped {/api/testimonials/:id, DELETE} (version: 1) route","timestamp":"2026-04-20T12:00:50.691Z"}
{"context":"RoutesResolver","level":"info","message":"UploadController {/api/upload} (version: 1):","timestamp":"2026-04-20T12:00:50.691Z"}
{"context":"RouterExplorer","level":"info","message":"Mapped {/api/upload/images, POST} (version: 1) route","timestamp":"2026-04-20T12:00:50.691Z"}
{"context":"RouterExplorer","level":"info","message":"Mapped {/api/upload/videos, POST} (version: 1) route","timestamp":"2026-04-20T12:00:50.692Z"}
{"context":"RouterExplorer","level":"info","message":"Mapped {/api/upload/delete, POST} (version: 1) route","timestamp":"2026-04-20T12:00:50.692Z"}
{"context":"NestApplication","level":"info","message":"Nest application successfully started","timestamp":"2026-04-20T12:00:50.693Z"}
{"context":"Bootstrap","level":"info","message":"Khairat API running on port 3001","timestamp":"2026-04-20T12:00:50.694Z"}
{"context":"Bootstrap","level":"info","message":"Swagger docs: http://localhost:3001/api/docs","timestamp":"2026-04-20T12:00:50.694Z"}
{"context":"NestFactory","level":"info","message":"Starting Nest application...","timestamp":"2026-04-20T12:24:06.773Z"}
{"context":"InstanceLoader","level":"info","message":"AppModule dependencies initialized","timestamp":"2026-04-20T12:24:06.774Z"}
{"context":"InstanceLoader","level":"info","message":"TypeOrmModule dependencies initialized","timestamp":"2026-04-20T12:24:06.775Z"}
{"context":"InstanceLoader","level":"info","message":"PassportModule dependencies initialized","timestamp":"2026-04-20T12:24:06.775Z"}
{"context":"InstanceLoader","level":"info","message":"ThrottlerModule dependencies initialized","timestamp":"2026-04-20T12:24:06.776Z"}
{"context":"InstanceLoader","level":"info","message":"ConfigHostModule dependencies initialized","timestamp":"2026-04-20T12:24:06.776Z"}
{"context":"InstanceLoader","level":"info","message":"WinstonModule dependencies initialized","timestamp":"2026-04-20T12:24:06.777Z"}
{"context":"InstanceLoader","level":"info","message":"ConfigModule dependencies initialized","timestamp":"2026-04-20T12:24:06.777Z"}
{"context":"InstanceLoader","level":"info","message":"ConfigModule dependencies initialized","timestamp":"2026-04-20T12:24:06.777Z"}
{"context":"InstanceLoader","level":"info","message":"JwtModule dependencies initialized","timestamp":"2026-04-20T12:24:06.778Z"}
{"context":"InstanceLoader","level":"info","message":"UploadModule dependencies initialized","timestamp":"2026-04-20T12:24:06.778Z"}
{"context":"InstanceLoader","level":"info","message":"TypeOrmCoreModule dependencies initialized","timestamp":"2026-04-20T12:24:06.779Z"}
{"context":"InstanceLoader","level":"info","message":"TypeOrmModule dependencies initialized","timestamp":"2026-04-20T12:24:06.779Z"}
{"context":"InstanceLoader","level":"info","message":"TypeOrmModule dependencies initialized","timestamp":"2026-04-20T12:24:06.779Z"}
{"context":"InstanceLoader","level":"info","message":"TypeOrmModule dependencies initialized","timestamp":"2026-04-20T12:24:06.780Z"}
{"context":"InstanceLoader","level":"info","message":"TypeOrmModule dependencies initialized","timestamp":"2026-04-20T12:24:06.780Z"}
{"context":"InstanceLoader","level":"info","message":"TypeOrmModule dependencies initialized","timestamp":"2026-04-20T12:24:06.780Z"}
{"context":"InstanceLoader","level":"info","message":"TypeOrmModule dependencies initialized","timestamp":"2026-04-20T12:24:06.781Z"}
{"context":"InstanceLoader","level":"info","message":"TypeOrmModule dependencies initialized","timestamp":"2026-04-20T12:24:06.781Z"}
{"context":"InstanceLoader","level":"info","message":"FaqModule dependencies initialized","timestamp":"2026-04-20T12:24:06.781Z"}
{"context":"InstanceLoader","level":"info","message":"CountriesModule dependencies initialized","timestamp":"2026-04-20T12:24:06.781Z"}
{"context":"InstanceLoader","level":"info","message":"TestimonialsModule dependencies initialized","timestamp":"2026-04-20T12:24:06.782Z"}
{"context":"InstanceLoader","level":"info","message":"UsersModule dependencies initialized","timestamp":"2026-04-20T12:24:06.782Z"}
{"context":"InstanceLoader","level":"info","message":"AuthModule dependencies initialized","timestamp":"2026-04-20T12:24:06.782Z"}
{"context":"InstanceLoader","level":"info","message":"ServicesModule dependencies initialized","timestamp":"2026-04-20T12:24:06.783Z"}
{"context":"InstanceLoader","level":"info","message":"OrdersModule dependencies initialized","timestamp":"2026-04-20T12:24:06.783Z"}
{"context":"InstanceLoader","level":"info","message":"PaymentsModule dependencies initialized","timestamp":"2026-04-20T12:24:06.783Z"}
{"context":"RoutesResolver","level":"info","message":"AuthController {/api/auth} (version: 1):","timestamp":"2026-04-20T12:24:06.783Z"}
{"context":"RouterExplorer","level":"info","message":"Mapped {/api/auth/register, POST} (version: 1) route","timestamp":"2026-04-20T12:24:06.784Z"}
{"context":"RouterExplorer","level":"info","message":"Mapped {/api/auth/login, POST} (version: 1) route","timestamp":"2026-04-20T12:24:06.784Z"}
{"context":"RouterExplorer","level":"info","message":"Mapped {/api/auth/refresh, POST} (version: 1) route","timestamp":"2026-04-20T12:24:06.784Z"}
{"context":"RouterExplorer","level":"info","message":"Mapped {/api/auth/forgot-password, POST} (version: 1) route","timestamp":"2026-04-20T12:24:06.785Z"}
{"context":"RouterExplorer","level":"info","message":"Mapped {/api/auth/reset-password, POST} (version: 1) route","timestamp":"2026-04-20T12:24:06.785Z"}
{"context":"RoutesResolver","level":"info","message":"UsersController {/api/users} (version: 1):","timestamp":"2026-04-20T12:24:06.785Z"}
{"context":"RouterExplorer","level":"info","message":"Mapped {/api/users/me, GET} (version: 1) route","timestamp":"2026-04-20T12:24:06.786Z"}
{"context":"RouterExplorer","level":"info","message":"Mapped {/api/users/me, PATCH} (version: 1) route","timestamp":"2026-04-20T12:24:06.786Z"}
{"context":"RouterExplorer","level":"info","message":"Mapped {/api/users, POST} (version: 1) route","timestamp":"2026-04-20T12:24:06.786Z"}
{"context":"RouterExplorer","level":"info","message":"Mapped {/api/users, GET} (version: 1) route","timestamp":"2026-04-20T12:24:06.787Z"}
{"context":"RouterExplorer","level":"info","message":"Mapped {/api/users/:id, GET} (version: 1) route","timestamp":"2026-04-20T12:24:06.787Z"}
{"context":"RouterExplorer","level":"info","message":"Mapped {/api/users/:id, PATCH} (version: 1) route","timestamp":"2026-04-20T12:24:06.788Z"}
{"context":"RouterExplorer","level":"info","message":"Mapped {/api/users/:id, DELETE} (version: 1) route","timestamp":"2026-04-20T12:24:06.788Z"}
{"context":"RouterExplorer","level":"info","message":"Mapped {/api/users/:id/block, PATCH} (version: 1) route","timestamp":"2026-04-20T12:24:06.789Z"}
{"context":"RouterExplorer","level":"info","message":"Mapped {/api/users/:id/unblock, PATCH} (version: 1) route","timestamp":"2026-04-20T12:24:06.789Z"}
{"context":"RoutesResolver","level":"info","message":"ServicesController {/api/services} (version: 1):","timestamp":"2026-04-20T12:24:06.790Z"}
{"context":"RouterExplorer","level":"info","message":"Mapped {/api/services, GET} (version: 1) route","timestamp":"2026-04-20T12:24:06.790Z"}
{"context":"RouterExplorer","level":"info","message":"Mapped {/api/services/:id, GET} (version: 1) route","timestamp":"2026-04-20T12:24:06.790Z"}
{"context":"RouterExplorer","level":"info","message":"Mapped {/api/services, POST} (version: 1) route","timestamp":"2026-04-20T12:24:06.791Z"}
{"context":"RouterExplorer","level":"info","message":"Mapped {/api/services/:id, PATCH} (version: 1) route","timestamp":"2026-04-20T12:24:06.791Z"}
{"context":"RouterExplorer","level":"info","message":"Mapped {/api/services/:id, DELETE} (version: 1) route","timestamp":"2026-04-20T12:24:06.791Z"}
{"context":"RouterExplorer","level":"info","message":"Mapped {/api/services/:id/toggle-active, PATCH} (version: 1) route","timestamp":"2026-04-20T12:24:06.792Z"}
{"context":"RoutesResolver","level":"info","message":"OrdersController {/api/orders} (version: 1):","timestamp":"2026-04-20T12:24:06.792Z"}
{"context":"RouterExplorer","level":"info","message":"Mapped {/api/orders, POST} (version: 1) route","timestamp":"2026-04-20T12:24:06.792Z"}
{"context":"RouterExplorer","level":"info","message":"Mapped {/api/orders/me, GET} (version: 1) route","timestamp":"2026-04-20T12:24:06.792Z"}
{"context":"RouterExplorer","level":"info","message":"Mapped {/api/orders, GET} (version: 1) route","timestamp":"2026-04-20T12:24:06.793Z"}
{"context":"RouterExplorer","level":"info","message":"Mapped {/api/orders/:id, GET} (version: 1) route","timestamp":"2026-04-20T12:24:06.793Z"}
{"context":"RouterExplorer","level":"info","message":"Mapped {/api/orders/:id/status, PATCH} (version: 1) route","timestamp":"2026-04-20T12:24:06.793Z"}
{"context":"RoutesResolver","level":"info","message":"PaymentsController {/api/payments} (version: 1):","timestamp":"2026-04-20T12:24:06.793Z"}
{"context":"RouterExplorer","level":"info","message":"Mapped {/api/payments/initiate, POST} (version: 1) route","timestamp":"2026-04-20T12:24:06.794Z"}
{"context":"RouterExplorer","level":"info","message":"Mapped {/api/payments/webhook, POST} (version: 1) route","timestamp":"2026-04-20T12:24:06.794Z"}
{"context":"RouterExplorer","level":"info","message":"Mapped {/api/payments/:id, GET} (version: 1) route","timestamp":"2026-04-20T12:24:06.794Z"}
{"context":"RoutesResolver","level":"info","message":"CountriesController {/api/countries} (version: 1):","timestamp":"2026-04-20T12:24:06.795Z"}
{"context":"RouterExplorer","level":"info","message":"Mapped {/api/countries, GET} (version: 1) route","timestamp":"2026-04-20T12:24:06.795Z"}
{"context":"RouterExplorer","level":"info","message":"Mapped {/api/countries/seed, POST} (version: 1) route","timestamp":"2026-04-20T12:24:06.795Z"}
{"context":"RoutesResolver","level":"info","message":"FaqController {/api/faq} (version: 1):","timestamp":"2026-04-20T12:24:06.795Z"}
{"context":"RouterExplorer","level":"info","message":"Mapped {/api/faq, GET} (version: 1) route","timestamp":"2026-04-20T12:24:06.796Z"}
{"context":"RoutesResolver","level":"info","message":"TestimonialsController {/api/testimonials} (version: 1):","timestamp":"2026-04-20T12:24:06.796Z"}
{"context":"RouterExplorer","level":"info","message":"Mapped {/api/testimonials, GET} (version: 1) route","timestamp":"2026-04-20T12:24:06.796Z"}
{"context":"RouterExplorer","level":"info","message":"Mapped {/api/testimonials/admin, GET} (version: 1) route","timestamp":"2026-04-20T12:24:06.796Z"}
{"context":"RouterExplorer","level":"info","message":"Mapped {/api/testimonials, POST} (version: 1) route","timestamp":"2026-04-20T12:24:06.797Z"}
{"context":"RouterExplorer","level":"info","message":"Mapped {/api/testimonials/:id, PATCH} (version: 1) route","timestamp":"2026-04-20T12:24:06.797Z"}
{"context":"RouterExplorer","level":"info","message":"Mapped {/api/testimonials/:id/toggle-visible, PATCH} (version: 1) route","timestamp":"2026-04-20T12:24:06.797Z"}
{"context":"RouterExplorer","level":"info","message":"Mapped {/api/testimonials/:id, DELETE} (version: 1) route","timestamp":"2026-04-20T12:24:06.798Z"}
{"context":"RoutesResolver","level":"info","message":"UploadController {/api/upload} (version: 1):","timestamp":"2026-04-20T12:24:06.798Z"}
{"context":"RouterExplorer","level":"info","message":"Mapped {/api/upload/images, POST} (version: 1) route","timestamp":"2026-04-20T12:24:06.798Z"}
{"context":"RouterExplorer","level":"info","message":"Mapped {/api/upload/videos, POST} (version: 1) route","timestamp":"2026-04-20T12:24:06.798Z"}
{"context":"RouterExplorer","level":"info","message":"Mapped {/api/upload/delete, POST} (version: 1) route","timestamp":"2026-04-20T12:24:06.799Z"}
{"context":"NestApplication","level":"info","message":"Nest application successfully started","timestamp":"2026-04-20T12:24:06.799Z"}
{"context":"Bootstrap","level":"info","message":"Khairat API running on port 3001","timestamp":"2026-04-20T12:24:06.800Z"}
{"context":"Bootstrap","level":"info","message":"Swagger docs: http://localhost:3001/api/docs","timestamp":"2026-04-20T12:24:06.800Z"}
{"context":"NestFactory","level":"info","message":"Starting Nest application...","timestamp":"2026-04-20T12:24:09.728Z"}
{"context":"InstanceLoader","level":"info","message":"AppModule dependencies initialized","timestamp":"2026-04-20T12:24:09.730Z"}
{"context":"InstanceLoader","level":"info","message":"TypeOrmModule dependencies initialized","timestamp":"2026-04-20T12:24:09.731Z"}
{"context":"InstanceLoader","level":"info","message":"PassportModule dependencies initialized","timestamp":"2026-04-20T12:24:09.731Z"}
{"context":"InstanceLoader","level":"info","message":"ThrottlerModule dependencies initialized","timestamp":"2026-04-20T12:24:09.732Z"}
{"context":"InstanceLoader","level":"info","message":"ConfigHostModule dependencies initialized","timestamp":"2026-04-20T12:24:09.732Z"}
{"context":"InstanceLoader","level":"info","message":"WinstonModule dependencies initialized","timestamp":"2026-04-20T12:24:09.733Z"}
{"context":"InstanceLoader","level":"info","message":"ConfigModule dependencies initialized","timestamp":"2026-04-20T12:24:09.734Z"}
{"context":"InstanceLoader","level":"info","message":"ConfigModule dependencies initialized","timestamp":"2026-04-20T12:24:09.735Z"}
{"context":"InstanceLoader","level":"info","message":"JwtModule dependencies initialized","timestamp":"2026-04-20T12:24:09.735Z"}
{"context":"InstanceLoader","level":"info","message":"UploadModule dependencies initialized","timestamp":"2026-04-20T12:24:09.736Z"}
{"context":"InstanceLoader","level":"info","message":"TypeOrmCoreModule dependencies initialized","timestamp":"2026-04-20T12:24:09.737Z"}
{"context":"InstanceLoader","level":"info","message":"TypeOrmModule dependencies initialized","timestamp":"2026-04-20T12:24:09.738Z"}
{"context":"InstanceLoader","level":"info","message":"TypeOrmModule dependencies initialized","timestamp":"2026-04-20T12:24:09.738Z"}
{"context":"InstanceLoader","level":"info","message":"TypeOrmModule dependencies initialized","timestamp":"2026-04-20T12:24:09.739Z"}
{"context":"InstanceLoader","level":"info","message":"TypeOrmModule dependencies initialized","timestamp":"2026-04-20T12:24:09.740Z"}
{"context":"InstanceLoader","level":"info","message":"TypeOrmModule dependencies initialized","timestamp":"2026-04-20T12:24:09.740Z"}
{"context":"InstanceLoader","level":"info","message":"TypeOrmModule dependencies initialized","timestamp":"2026-04-20T12:24:09.741Z"}
{"context":"InstanceLoader","level":"info","message":"TypeOrmModule dependencies initialized","timestamp":"2026-04-20T12:24:09.742Z"}
{"context":"InstanceLoader","level":"info","message":"FaqModule dependencies initialized","timestamp":"2026-04-20T12:24:09.742Z"}
{"context":"InstanceLoader","level":"info","message":"CountriesModule dependencies initialized","timestamp":"2026-04-20T12:24:09.743Z"}
{"context":"InstanceLoader","level":"info","message":"TestimonialsModule dependencies initialized","timestamp":"2026-04-20T12:24:09.744Z"}
{"context":"InstanceLoader","level":"info","message":"UsersModule dependencies initialized","timestamp":"2026-04-20T12:24:09.744Z"}
{"context":"InstanceLoader","level":"info","message":"AuthModule dependencies initialized","timestamp":"2026-04-20T12:24:09.744Z"}
{"context":"InstanceLoader","level":"info","message":"ServicesModule dependencies initialized","timestamp":"2026-04-20T12:24:09.745Z"}
{"context":"InstanceLoader","level":"info","message":"OrdersModule dependencies initialized","timestamp":"2026-04-20T12:24:09.745Z"}
{"context":"InstanceLoader","level":"info","message":"PaymentsModule dependencies initialized","timestamp":"2026-04-20T12:24:09.745Z"}
{"context":"RoutesResolver","level":"info","message":"AuthController {/api/auth} (version: 1):","timestamp":"2026-04-20T12:24:09.746Z"}
{"context":"RouterExplorer","level":"info","message":"Mapped {/api/auth/register, POST} (version: 1) route","timestamp":"2026-04-20T12:24:09.746Z"}
{"context":"RouterExplorer","level":"info","message":"Mapped {/api/auth/login, POST} (version: 1) route","timestamp":"2026-04-20T12:24:09.747Z"}
{"context":"RouterExplorer","level":"info","message":"Mapped {/api/auth/refresh, POST} (version: 1) route","timestamp":"2026-04-20T12:24:09.747Z"}
{"context":"RouterExplorer","level":"info","message":"Mapped {/api/auth/forgot-password, POST} (version: 1) route","timestamp":"2026-04-20T12:24:09.747Z"}
{"context":"RouterExplorer","level":"info","message":"Mapped {/api/auth/reset-password, POST} (version: 1) route","timestamp":"2026-04-20T12:24:09.748Z"}
{"context":"RoutesResolver","level":"info","message":"UsersController {/api/users} (version: 1):","timestamp":"2026-04-20T12:24:09.748Z"}
{"context":"RouterExplorer","level":"info","message":"Mapped {/api/users/me, GET} (version: 1) route","timestamp":"2026-04-20T12:24:09.748Z"}
{"context":"RouterExplorer","level":"info","message":"Mapped {/api/users/me, PATCH} (version: 1) route","timestamp":"2026-04-20T12:24:09.749Z"}
{"context":"RouterExplorer","level":"info","message":"Mapped {/api/users, POST} (version: 1) route","timestamp":"2026-04-20T12:24:09.749Z"}
{"context":"RouterExplorer","level":"info","message":"Mapped {/api/users, GET} (version: 1) route","timestamp":"2026-04-20T12:24:09.749Z"}
{"context":"RouterExplorer","level":"info","message":"Mapped {/api/users/:id, GET} (version: 1) route","timestamp":"2026-04-20T12:24:09.750Z"}
{"context":"RouterExplorer","level":"info","message":"Mapped {/api/users/:id, PATCH} (version: 1) route","timestamp":"2026-04-20T12:24:09.750Z"}
{"context":"RouterExplorer","level":"info","message":"Mapped {/api/users/:id, DELETE} (version: 1) route","timestamp":"2026-04-20T12:24:09.751Z"}
{"context":"RouterExplorer","level":"info","message":"Mapped {/api/users/:id/block, PATCH} (version: 1) route","timestamp":"2026-04-20T12:24:09.751Z"}
{"context":"RouterExplorer","level":"info","message":"Mapped {/api/users/:id/unblock, PATCH} (version: 1) route","timestamp":"2026-04-20T12:24:09.751Z"}
{"context":"RoutesResolver","level":"info","message":"ServicesController {/api/services} (version: 1):","timestamp":"2026-04-20T12:24:09.752Z"}
{"context":"RouterExplorer","level":"info","message":"Mapped {/api/services, GET} (version: 1) route","timestamp":"2026-04-20T12:24:09.752Z"}
{"context":"RouterExplorer","level":"info","message":"Mapped {/api/services/:id, GET} (version: 1) route","timestamp":"2026-04-20T12:24:09.752Z"}
{"context":"RouterExplorer","level":"info","message":"Mapped {/api/services, POST} (version: 1) route","timestamp":"2026-04-20T12:24:09.753Z"}
{"context":"RouterExplorer","level":"info","message":"Mapped {/api/services/:id, PATCH} (version: 1) route","timestamp":"2026-04-20T12:24:09.753Z"}
{"context":"RouterExplorer","level":"info","message":"Mapped {/api/services/:id, DELETE} (version: 1) route","timestamp":"2026-04-20T12:24:09.753Z"}
{"context":"RouterExplorer","level":"info","message":"Mapped {/api/services/:id/toggle-active, PATCH} (version: 1) route","timestamp":"2026-04-20T12:24:09.754Z"}
{"context":"RoutesResolver","level":"info","message":"OrdersController {/api/orders} (version: 1):","timestamp":"2026-04-20T12:24:09.754Z"}
{"context":"RouterExplorer","level":"info","message":"Mapped {/api/orders, POST} (version: 1) route","timestamp":"2026-04-20T12:24:09.754Z"}
{"context":"RouterExplorer","level":"info","message":"Mapped {/api/orders/me, GET} (version: 1) route","timestamp":"2026-04-20T12:24:09.755Z"}
{"context":"RouterExplorer","level":"info","message":"Mapped {/api/orders, GET} (version: 1) route","timestamp":"2026-04-20T12:24:09.755Z"}
{"context":"RouterExplorer","level":"info","message":"Mapped {/api/orders/:id, GET} (version: 1) route","timestamp":"2026-04-20T12:24:09.755Z"}
{"context":"RouterExplorer","level":"info","message":"Mapped {/api/orders/:id/status, PATCH} (version: 1) route","timestamp":"2026-04-20T12:24:09.756Z"}
{"context":"RoutesResolver","level":"info","message":"PaymentsController {/api/payments} (version: 1):","timestamp":"2026-04-20T12:24:09.756Z"}
{"context":"RouterExplorer","level":"info","message":"Mapped {/api/payments/initiate, POST} (version: 1) route","timestamp":"2026-04-20T12:24:09.756Z"}
{"context":"RouterExplorer","level":"info","message":"Mapped {/api/payments/webhook, POST} (version: 1) route","timestamp":"2026-04-20T12:24:09.756Z"}
{"context":"RouterExplorer","level":"info","message":"Mapped {/api/payments/:id, GET} (version: 1) route","timestamp":"2026-04-20T12:24:09.757Z"}
{"context":"RoutesResolver","level":"info","message":"CountriesController {/api/countries} (version: 1):","timestamp":"2026-04-20T12:24:09.757Z"}
{"context":"RouterExplorer","level":"info","message":"Mapped {/api/countries, GET} (version: 1) route","timestamp":"2026-04-20T12:24:09.757Z"}
{"context":"RouterExplorer","level":"info","message":"Mapped {/api/countries/seed, POST} (version: 1) route","timestamp":"2026-04-20T12:24:09.757Z"}
{"context":"RoutesResolver","level":"info","message":"FaqController {/api/faq} (version: 1):","timestamp":"2026-04-20T12:24:09.758Z"}
{"context":"RouterExplorer","level":"info","message":"Mapped {/api/faq, GET} (version: 1) route","timestamp":"2026-04-20T12:24:09.758Z"}
{"context":"RoutesResolver","level":"info","message":"TestimonialsController {/api/testimonials} (version: 1):","timestamp":"2026-04-20T12:24:09.758Z"}
{"context":"RouterExplorer","level":"info","message":"Mapped {/api/testimonials, GET} (version: 1) route","timestamp":"2026-04-20T12:24:09.758Z"}
{"context":"RouterExplorer","level":"info","message":"Mapped {/api/testimonials/admin, GET} (version: 1) route","timestamp":"2026-04-20T12:24:09.759Z"}
{"context":"RouterExplorer","level":"info","message":"Mapped {/api/testimonials, POST} (version: 1) route","timestamp":"2026-04-20T12:24:09.759Z"}
{"context":"RouterExplorer","level":"info","message":"Mapped {/api/testimonials/:id, PATCH} (version: 1) route","timestamp":"2026-04-20T12:24:09.759Z"}
{"context":"RouterExplorer","level":"info","message":"Mapped {/api/testimonials/:id/toggle-visible, PATCH} (version: 1) route","timestamp":"2026-04-20T12:24:09.759Z"}
{"context":"RouterExplorer","level":"info","message":"Mapped {/api/testimonials/:id, DELETE} (version: 1) route","timestamp":"2026-04-20T12:24:09.760Z"}
{"context":"RoutesResolver","level":"info","message":"UploadController {/api/upload} (version: 1):","timestamp":"2026-04-20T12:24:09.760Z"}
{"context":"RouterExplorer","level":"info","message":"Mapped {/api/upload/images, POST} (version: 1) route","timestamp":"2026-04-20T12:24:09.760Z"}
{"context":"RouterExplorer","level":"info","message":"Mapped {/api/upload/videos, POST} (version: 1) route","timestamp":"2026-04-20T12:24:09.760Z"}
{"context":"RouterExplorer","level":"info","message":"Mapped {/api/upload/delete, POST} (version: 1) route","timestamp":"2026-04-20T12:24:09.761Z"}
{"context":"NestApplication","level":"info","message":"Nest application successfully started","timestamp":"2026-04-20T12:24:09.761Z"}
{"context":"Bootstrap","level":"info","message":"Khairat API running on port 3001","timestamp":"2026-04-20T12:24:09.762Z"}
{"context":"Bootstrap","level":"info","message":"Swagger docs: http://localhost:3001/api/docs","timestamp":"2026-04-20T12:24:09.763Z"}
{"context":"NestFactory","level":"info","message":"Starting Nest application...","timestamp":"2026-04-20T12:24:12.387Z"}
{"context":"InstanceLoader","level":"info","message":"AppModule dependencies initialized","timestamp":"2026-04-20T12:24:12.388Z"}
{"context":"InstanceLoader","level":"info","message":"TypeOrmModule dependencies initialized","timestamp":"2026-04-20T12:24:12.388Z"}
{"context":"InstanceLoader","level":"info","message":"PassportModule dependencies initialized","timestamp":"2026-04-20T12:24:12.389Z"}
{"context":"InstanceLoader","level":"info","message":"ThrottlerModule dependencies initialized","timestamp":"2026-04-20T12:24:12.389Z"}
{"context":"InstanceLoader","level":"info","message":"ConfigHostModule dependencies initialized","timestamp":"2026-04-20T12:24:12.389Z"}
{"context":"InstanceLoader","level":"info","message":"WinstonModule dependencies initialized","timestamp":"2026-04-20T12:24:12.390Z"}
{"context":"InstanceLoader","level":"info","message":"ConfigModule dependencies initialized","timestamp":"2026-04-20T12:24:12.390Z"}
{"context":"InstanceLoader","level":"info","message":"ConfigModule dependencies initialized","timestamp":"2026-04-20T12:24:12.390Z"}
{"context":"InstanceLoader","level":"info","message":"JwtModule dependencies initialized","timestamp":"2026-04-20T12:24:12.391Z"}
{"context":"InstanceLoader","level":"info","message":"UploadModule dependencies initialized","timestamp":"2026-04-20T12:24:12.391Z"}
{"context":"InstanceLoader","level":"info","message":"TypeOrmCoreModule dependencies initialized","timestamp":"2026-04-20T12:24:12.391Z"}
{"context":"InstanceLoader","level":"info","message":"TypeOrmModule dependencies initialized","timestamp":"2026-04-20T12:24:12.392Z"}
{"context":"InstanceLoader","level":"info","message":"TypeOrmModule dependencies initialized","timestamp":"2026-04-20T12:24:12.392Z"}
{"context":"InstanceLoader","level":"info","message":"TypeOrmModule dependencies initialized","timestamp":"2026-04-20T12:24:12.392Z"}
{"context":"InstanceLoader","level":"info","message":"TypeOrmModule dependencies initialized","timestamp":"2026-04-20T12:24:12.392Z"}
{"context":"InstanceLoader","level":"info","message":"TypeOrmModule dependencies initialized","timestamp":"2026-04-20T12:24:12.393Z"}
{"context":"InstanceLoader","level":"info","message":"TypeOrmModule dependencies initialized","timestamp":"2026-04-20T12:24:12.393Z"}
{"context":"InstanceLoader","level":"info","message":"TypeOrmModule dependencies initialized","timestamp":"2026-04-20T12:24:12.393Z"}
{"context":"InstanceLoader","level":"info","message":"CountriesModule dependencies initialized","timestamp":"2026-04-20T12:24:12.393Z"}
{"context":"InstanceLoader","level":"info","message":"FaqModule dependencies initialized","timestamp":"2026-04-20T12:24:12.394Z"}
{"context":"InstanceLoader","level":"info","message":"TestimonialsModule dependencies initialized","timestamp":"2026-04-20T12:24:12.394Z"}
{"context":"InstanceLoader","level":"info","message":"UsersModule dependencies initialized","timestamp":"2026-04-20T12:24:12.394Z"}
{"context":"InstanceLoader","level":"info","message":"AuthModule dependencies initialized","timestamp":"2026-04-20T12:24:12.395Z"}
{"context":"InstanceLoader","level":"info","message":"ServicesModule dependencies initialized","timestamp":"2026-04-20T12:24:12.395Z"}
{"context":"InstanceLoader","level":"info","message":"OrdersModule dependencies initialized","timestamp":"2026-04-20T12:24:12.395Z"}
{"context":"InstanceLoader","level":"info","message":"PaymentsModule dependencies initialized","timestamp":"2026-04-20T12:24:12.395Z"}
{"context":"RoutesResolver","level":"info","message":"AuthController {/api/auth} (version: 1):","timestamp":"2026-04-20T12:24:12.396Z"}
{"context":"RouterExplorer","level":"info","message":"Mapped {/api/auth/register, POST} (version: 1) route","timestamp":"2026-04-20T12:24:12.396Z"}
{"context":"RouterExplorer","level":"info","message":"Mapped {/api/auth/login, POST} (version: 1) route","timestamp":"2026-04-20T12:24:12.396Z"}
{"context":"RouterExplorer","level":"info","message":"Mapped {/api/auth/refresh, POST} (version: 1) route","timestamp":"2026-04-20T12:24:12.396Z"}
{"context":"RouterExplorer","level":"info","message":"Mapped {/api/auth/forgot-password, POST} (version: 1) route","timestamp":"2026-04-20T12:24:12.397Z"}
{"context":"RouterExplorer","level":"info","message":"Mapped {/api/auth/reset-password, POST} (version: 1) route","timestamp":"2026-04-20T12:24:12.397Z"}
{"context":"RoutesResolver","level":"info","message":"UsersController {/api/users} (version: 1):","timestamp":"2026-04-20T12:24:12.397Z"}
{"context":"RouterExplorer","level":"info","message":"Mapped {/api/users/me, GET} (version: 1) route","timestamp":"2026-04-20T12:24:12.398Z"}
{"context":"RouterExplorer","level":"info","message":"Mapped {/api/users/me, PATCH} (version: 1) route","timestamp":"2026-04-20T12:24:12.398Z"}
{"context":"RouterExplorer","level":"info","message":"Mapped {/api/users, POST} (version: 1) route","timestamp":"2026-04-20T12:24:12.398Z"}
{"context":"RouterExplorer","level":"info","message":"Mapped {/api/users, GET} (version: 1) route","timestamp":"2026-04-20T12:24:12.398Z"}
{"context":"RouterExplorer","level":"info","message":"Mapped {/api/users/:id, GET} (version: 1) route","timestamp":"2026-04-20T12:24:12.399Z"}
{"context":"RouterExplorer","level":"info","message":"Mapped {/api/users/:id, PATCH} (version: 1) route","timestamp":"2026-04-20T12:24:12.399Z"}
{"context":"RouterExplorer","level":"info","message":"Mapped {/api/users/:id, DELETE} (version: 1) route","timestamp":"2026-04-20T12:24:12.399Z"}
{"context":"RouterExplorer","level":"info","message":"Mapped {/api/users/:id/block, PATCH} (version: 1) route","timestamp":"2026-04-20T12:24:12.399Z"}
{"context":"RouterExplorer","level":"info","message":"Mapped {/api/users/:id/unblock, PATCH} (version: 1) route","timestamp":"2026-04-20T12:24:12.400Z"}
{"context":"RoutesResolver","level":"info","message":"ServicesController {/api/services} (version: 1):","timestamp":"2026-04-20T12:24:12.400Z"}
{"context":"RouterExplorer","level":"info","message":"Mapped {/api/services, GET} (version: 1) route","timestamp":"2026-04-20T12:24:12.400Z"}
{"context":"RouterExplorer","level":"info","message":"Mapped {/api/services/:id, GET} (version: 1) route","timestamp":"2026-04-20T12:24:12.400Z"}
{"context":"RouterExplorer","level":"info","message":"Mapped {/api/services, POST} (version: 1) route","timestamp":"2026-04-20T12:24:12.401Z"}
{"context":"RouterExplorer","level":"info","message":"Mapped {/api/services/:id, PATCH} (version: 1) route","timestamp":"2026-04-20T12:24:12.401Z"}
{"context":"RouterExplorer","level":"info","message":"Mapped {/api/services/:id, DELETE} (version: 1) route","timestamp":"2026-04-20T12:24:12.401Z"}
{"context":"RouterExplorer","level":"info","message":"Mapped {/api/services/:id/toggle-active, PATCH} (version: 1) route","timestamp":"2026-04-20T12:24:12.402Z"}
{"context":"RoutesResolver","level":"info","message":"OrdersController {/api/orders} (version: 1):","timestamp":"2026-04-20T12:24:12.402Z"}
{"context":"RouterExplorer","level":"info","message":"Mapped {/api/orders, POST} (version: 1) route","timestamp":"2026-04-20T12:24:12.402Z"}
{"context":"RouterExplorer","level":"info","message":"Mapped {/api/orders/me, GET} (version: 1) route","timestamp":"2026-04-20T12:24:12.402Z"}
{"context":"RouterExplorer","level":"info","message":"Mapped {/api/orders, GET} (version: 1) route","timestamp":"2026-04-20T12:24:12.403Z"}
{"context":"RouterExplorer","level":"info","message":"Mapped {/api/orders/:id, GET} (version: 1) route","timestamp":"2026-04-20T12:24:12.403Z"}
{"context":"RouterExplorer","level":"info","message":"Mapped {/api/orders/:id/status, PATCH} (version: 1) route","timestamp":"2026-04-20T12:24:12.404Z"}
{"context":"RoutesResolver","level":"info","message":"PaymentsController {/api/payments} (version: 1):","timestamp":"2026-04-20T12:24:12.404Z"}
{"context":"RouterExplorer","level":"info","message":"Mapped {/api/payments/initiate, POST} (version: 1) route","timestamp":"2026-04-20T12:24:12.404Z"}
{"context":"RouterExplorer","level":"info","message":"Mapped {/api/payments/webhook, POST} (version: 1) route","timestamp":"2026-04-20T12:24:12.404Z"}
{"context":"RouterExplorer","level":"info","message":"Mapped {/api/payments/:id, GET} (version: 1) route","timestamp":"2026-04-20T12:24:12.405Z"}
{"context":"RoutesResolver","level":"info","message":"CountriesController {/api/countries} (version: 1):","timestamp":"2026-04-20T12:24:12.405Z"}
{"context":"RouterExplorer","level":"info","message":"Mapped {/api/countries, GET} (version: 1) route","timestamp":"2026-04-20T12:24:12.405Z"}
{"context":"RouterExplorer","level":"info","message":"Mapped {/api/countries/seed, POST} (version: 1) route","timestamp":"2026-04-20T12:24:12.406Z"}
{"context":"RoutesResolver","level":"info","message":"FaqController {/api/faq} (version: 1):","timestamp":"2026-04-20T12:24:12.406Z"}
{"context":"RouterExplorer","level":"info","message":"Mapped {/api/faq, GET} (version: 1) route","timestamp":"2026-04-20T12:24:12.406Z"}
{"context":"RouterExplorer","level":"info","message":"Mapped {/api/faq/admin, GET} (version: 1) route","timestamp":"2026-04-20T12:24:12.407Z"}
{"context":"RouterExplorer","level":"info","message":"Mapped {/api/faq, POST} (version: 1) route","timestamp":"2026-04-20T12:24:12.407Z"}
{"context":"RouterExplorer","level":"info","message":"Mapped {/api/faq/:id, PATCH} (version: 1) route","timestamp":"2026-04-20T12:24:12.407Z"}
{"context":"RouterExplorer","level":"info","message":"Mapped {/api/faq/:id/toggle-active, PATCH} (version: 1) route","timestamp":"2026-04-20T12:24:12.407Z"}
{"context":"RouterExplorer","level":"info","message":"Mapped {/api/faq/:id, DELETE} (version: 1) route","timestamp":"2026-04-20T12:24:12.408Z"}
{"context":"RoutesResolver","level":"info","message":"TestimonialsController {/api/testimonials} (version: 1):","timestamp":"2026-04-20T12:24:12.408Z"}
{"context":"RouterExplorer","level":"info","message":"Mapped {/api/testimonials, GET} (version: 1) route","timestamp":"2026-04-20T12:24:12.408Z"}
{"context":"RouterExplorer","level":"info","message":"Mapped {/api/testimonials/admin, GET} (version: 1) route","timestamp":"2026-04-20T12:24:12.409Z"}
{"context":"RouterExplorer","level":"info","message":"Mapped {/api/testimonials, POST} (version: 1) route","timestamp":"2026-04-20T12:24:12.409Z"}
{"context":"RouterExplorer","level":"info","message":"Mapped {/api/testimonials/:id, PATCH} (version: 1) route","timestamp":"2026-04-20T12:24:12.409Z"}
{"context":"RouterExplorer","level":"info","message":"Mapped {/api/testimonials/:id/toggle-visible, PATCH} (version: 1) route","timestamp":"2026-04-20T12:24:12.409Z"}
{"context":"RouterExplorer","level":"info","message":"Mapped {/api/testimonials/:id, DELETE} (version: 1) route","timestamp":"2026-04-20T12:24:12.410Z"}
{"context":"RoutesResolver","level":"info","message":"UploadController {/api/upload} (version: 1):","timestamp":"2026-04-20T12:24:12.410Z"}
{"context":"RouterExplorer","level":"info","message":"Mapped {/api/upload/images, POST} (version: 1) route","timestamp":"2026-04-20T12:24:12.410Z"}
{"context":"RouterExplorer","level":"info","message":"Mapped {/api/upload/videos, POST} (version: 1) route","timestamp":"2026-04-20T12:24:12.411Z"}
{"context":"RouterExplorer","level":"info","message":"Mapped {/api/upload/delete, POST} (version: 1) route","timestamp":"2026-04-20T12:24:12.411Z"}
{"context":"NestApplication","level":"info","message":"Nest application successfully started","timestamp":"2026-04-20T12:24:12.411Z"}
{"context":"Bootstrap","level":"info","message":"Khairat API running on port 3001","timestamp":"2026-04-20T12:24:12.412Z"}
{"context":"Bootstrap","level":"info","message":"Swagger docs: http://localhost:3001/api/docs","timestamp":"2026-04-20T12:24:12.413Z"}
{"context":"NestFactory","level":"info","message":"Starting Nest application...","timestamp":"2026-04-20T12:27:10.119Z"}
{"context":"InstanceLoader","level":"info","message":"AppModule dependencies initialized","timestamp":"2026-04-20T12:27:10.120Z"}
{"context":"InstanceLoader","level":"info","message":"TypeOrmModule dependencies initialized","timestamp":"2026-04-20T12:27:10.121Z"}
{"context":"InstanceLoader","level":"info","message":"PassportModule dependencies initialized","timestamp":"2026-04-20T12:27:10.121Z"}
{"context":"InstanceLoader","level":"info","message":"ThrottlerModule dependencies initialized","timestamp":"2026-04-20T12:27:10.122Z"}
{"context":"InstanceLoader","level":"info","message":"ConfigHostModule dependencies initialized","timestamp":"2026-04-20T12:27:10.122Z"}
{"context":"InstanceLoader","level":"info","message":"WinstonModule dependencies initialized","timestamp":"2026-04-20T12:27:10.123Z"}
{"context":"InstanceLoader","level":"info","message":"ConfigModule dependencies initialized","timestamp":"2026-04-20T12:27:10.123Z"}
{"context":"InstanceLoader","level":"info","message":"ConfigModule dependencies initialized","timestamp":"2026-04-20T12:27:10.123Z"}
{"context":"InstanceLoader","level":"info","message":"JwtModule dependencies initialized","timestamp":"2026-04-20T12:27:10.124Z"}
{"context":"InstanceLoader","level":"info","message":"UploadModule dependencies initialized","timestamp":"2026-04-20T12:27:10.124Z"}
{"context":"InstanceLoader","level":"info","message":"TypeOrmCoreModule dependencies initialized","timestamp":"2026-04-20T12:27:10.124Z"}
{"context":"InstanceLoader","level":"info","message":"TypeOrmModule dependencies initialized","timestamp":"2026-04-20T12:27:10.125Z"}
{"context":"InstanceLoader","level":"info","message":"TypeOrmModule dependencies initialized","timestamp":"2026-04-20T12:27:10.125Z"}
{"context":"InstanceLoader","level":"info","message":"TypeOrmModule dependencies initialized","timestamp":"2026-04-20T12:27:10.125Z"}
{"context":"InstanceLoader","level":"info","message":"TypeOrmModule dependencies initialized","timestamp":"2026-04-20T12:27:10.126Z"}
{"context":"InstanceLoader","level":"info","message":"TypeOrmModule dependencies initialized","timestamp":"2026-04-20T12:27:10.126Z"}
{"context":"InstanceLoader","level":"info","message":"TypeOrmModule dependencies initialized","timestamp":"2026-04-20T12:27:10.126Z"}
{"context":"InstanceLoader","level":"info","message":"TypeOrmModule dependencies initialized","timestamp":"2026-04-20T12:27:10.126Z"}
{"context":"InstanceLoader","level":"info","message":"CountriesModule dependencies initialized","timestamp":"2026-04-20T12:27:10.127Z"}
{"context":"InstanceLoader","level":"info","message":"FaqModule dependencies initialized","timestamp":"2026-04-20T12:27:10.127Z"}
{"context":"InstanceLoader","level":"info","message":"TestimonialsModule dependencies initialized","timestamp":"2026-04-20T12:27:10.127Z"}
{"context":"InstanceLoader","level":"info","message":"UsersModule dependencies initialized","timestamp":"2026-04-20T12:27:10.128Z"}
{"context":"InstanceLoader","level":"info","message":"AuthModule dependencies initialized","timestamp":"2026-04-20T12:27:10.128Z"}
{"context":"InstanceLoader","level":"info","message":"ServicesModule dependencies initialized","timestamp":"2026-04-20T12:27:10.128Z"}
{"context":"InstanceLoader","level":"info","message":"OrdersModule dependencies initialized","timestamp":"2026-04-20T12:27:10.128Z"}
{"context":"InstanceLoader","level":"info","message":"PaymentsModule dependencies initialized","timestamp":"2026-04-20T12:27:10.129Z"}
{"context":"RoutesResolver","level":"info","message":"AuthController {/api/auth} (version: 1):","timestamp":"2026-04-20T12:27:10.129Z"}
{"context":"RouterExplorer","level":"info","message":"Mapped {/api/auth/register, POST} (version: 1) route","timestamp":"2026-04-20T12:27:10.129Z"}
{"context":"RouterExplorer","level":"info","message":"Mapped {/api/auth/login, POST} (version: 1) route","timestamp":"2026-04-20T12:27:10.129Z"}
{"context":"RouterExplorer","level":"info","message":"Mapped {/api/auth/refresh, POST} (version: 1) route","timestamp":"2026-04-20T12:27:10.130Z"}
{"context":"RouterExplorer","level":"info","message":"Mapped {/api/auth/forgot-password, POST} (version: 1) route","timestamp":"2026-04-20T12:27:10.130Z"}
{"context":"RouterExplorer","level":"info","message":"Mapped {/api/auth/reset-password, POST} (version: 1) route","timestamp":"2026-04-20T12:27:10.130Z"}
{"context":"RoutesResolver","level":"info","message":"UsersController {/api/users} (version: 1):","timestamp":"2026-04-20T12:27:10.131Z"}
{"context":"RouterExplorer","level":"info","message":"Mapped {/api/users/me, GET} (version: 1) route","timestamp":"2026-04-20T12:27:10.131Z"}
{"context":"RouterExplorer","level":"info","message":"Mapped {/api/users/me, PATCH} (version: 1) route","timestamp":"2026-04-20T12:27:10.131Z"}
{"context":"RouterExplorer","level":"info","message":"Mapped {/api/users, POST} (version: 1) route","timestamp":"2026-04-20T12:27:10.131Z"}
{"context":"RouterExplorer","level":"info","message":"Mapped {/api/users, GET} (version: 1) route","timestamp":"2026-04-20T12:27:10.131Z"}
{"context":"RouterExplorer","level":"info","message":"Mapped {/api/users/:id, GET} (version: 1) route","timestamp":"2026-04-20T12:27:10.132Z"}
{"context":"RouterExplorer","level":"info","message":"Mapped {/api/users/:id, PATCH} (version: 1) route","timestamp":"2026-04-20T12:27:10.132Z"}
{"context":"RouterExplorer","level":"info","message":"Mapped {/api/users/:id, DELETE} (version: 1) route","timestamp":"2026-04-20T12:27:10.132Z"}
{"context":"RouterExplorer","level":"info","message":"Mapped {/api/users/:id/block, PATCH} (version: 1) route","timestamp":"2026-04-20T12:27:10.133Z"}
{"context":"RouterExplorer","level":"info","message":"Mapped {/api/users/:id/unblock, PATCH} (version: 1) route","timestamp":"2026-04-20T12:27:10.133Z"}
{"context":"RoutesResolver","level":"info","message":"ServicesController {/api/services} (version: 1):","timestamp":"2026-04-20T12:27:10.133Z"}
{"context":"RouterExplorer","level":"info","message":"Mapped {/api/services, GET} (version: 1) route","timestamp":"2026-04-20T12:27:10.133Z"}
{"context":"RouterExplorer","level":"info","message":"Mapped {/api/services/:id, GET} (version: 1) route","timestamp":"2026-04-20T12:27:10.134Z"}
{"context":"RouterExplorer","level":"info","message":"Mapped {/api/services, POST} (version: 1) route","timestamp":"2026-04-20T12:27:10.134Z"}
{"context":"RouterExplorer","level":"info","message":"Mapped {/api/services/:id, PATCH} (version: 1) route","timestamp":"2026-04-20T12:27:10.134Z"}
{"context":"RouterExplorer","level":"info","message":"Mapped {/api/services/:id, DELETE} (version: 1) route","timestamp":"2026-04-20T12:27:10.134Z"}
{"context":"RouterExplorer","level":"info","message":"Mapped {/api/services/:id/toggle-active, PATCH} (version: 1) route","timestamp":"2026-04-20T12:27:10.135Z"}
{"context":"RoutesResolver","level":"info","message":"OrdersController {/api/orders} (version: 1):","timestamp":"2026-04-20T12:27:10.135Z"}
{"context":"RouterExplorer","level":"info","message":"Mapped {/api/orders, POST} (version: 1) route","timestamp":"2026-04-20T12:27:10.135Z"}
{"context":"RouterExplorer","level":"info","message":"Mapped {/api/orders/me, GET} (version: 1) route","timestamp":"2026-04-20T12:27:10.135Z"}
{"context":"RouterExplorer","level":"info","message":"Mapped {/api/orders, GET} (version: 1) route","timestamp":"2026-04-20T12:27:10.136Z"}
{"context":"RouterExplorer","level":"info","message":"Mapped {/api/orders/:id, GET} (version: 1) route","timestamp":"2026-04-20T12:27:10.136Z"}
{"context":"RouterExplorer","level":"info","message":"Mapped {/api/orders/:id/status, PATCH} (version: 1) route","timestamp":"2026-04-20T12:27:10.136Z"}
{"context":"RoutesResolver","level":"info","message":"PaymentsController {/api/payments} (version: 1):","timestamp":"2026-04-20T12:27:10.136Z"}
{"context":"RouterExplorer","level":"info","message":"Mapped {/api/payments/initiate, POST} (version: 1) route","timestamp":"2026-04-20T12:27:10.137Z"}
{"context":"RouterExplorer","level":"info","message":"Mapped {/api/payments/webhook, POST} (version: 1) route","timestamp":"2026-04-20T12:27:10.137Z"}
{"context":"RouterExplorer","level":"info","message":"Mapped {/api/payments/:id, GET} (version: 1) route","timestamp":"2026-04-20T12:27:10.137Z"}
{"context":"RoutesResolver","level":"info","message":"CountriesController {/api/countries} (version: 1):","timestamp":"2026-04-20T12:27:10.137Z"}
{"context":"RouterExplorer","level":"info","message":"Mapped {/api/countries, GET} (version: 1) route","timestamp":"2026-04-20T12:27:10.138Z"}
{"context":"RouterExplorer","level":"info","message":"Mapped {/api/countries/seed, POST} (version: 1) route","timestamp":"2026-04-20T12:27:10.138Z"}
{"context":"RoutesResolver","level":"info","message":"FaqController {/api/faq} (version: 1):","timestamp":"2026-04-20T12:27:10.138Z"}
{"context":"RouterExplorer","level":"info","message":"Mapped {/api/faq, GET} (version: 1) route","timestamp":"2026-04-20T12:27:10.138Z"}
{"context":"RouterExplorer","level":"info","message":"Mapped {/api/faq/admin, GET} (version: 1) route","timestamp":"2026-04-20T12:27:10.138Z"}
{"context":"RouterExplorer","level":"info","message":"Mapped {/api/faq, POST} (version: 1) route","timestamp":"2026-04-20T12:27:10.139Z"}
{"context":"RouterExplorer","level":"info","message":"Mapped {/api/faq/:id, PATCH} (version: 1) route","timestamp":"2026-04-20T12:27:10.139Z"}
{"context":"RouterExplorer","level":"info","message":"Mapped {/api/faq/:id/toggle-active, PATCH} (version: 1) route","timestamp":"2026-04-20T12:27:10.139Z"}
{"context":"RouterExplorer","level":"info","message":"Mapped {/api/faq/:id, DELETE} (version: 1) route","timestamp":"2026-04-20T12:27:10.139Z"}
{"context":"RoutesResolver","level":"info","message":"TestimonialsController {/api/testimonials} (version: 1):","timestamp":"2026-04-20T12:27:10.140Z"}
{"context":"RouterExplorer","level":"info","message":"Mapped {/api/testimonials, GET} (version: 1) route","timestamp":"2026-04-20T12:27:10.140Z"}
{"context":"RouterExplorer","level":"info","message":"Mapped {/api/testimonials/admin, GET} (version: 1) route","timestamp":"2026-04-20T12:27:10.140Z"}
{"context":"RouterExplorer","level":"info","message":"Mapped {/api/testimonials, POST} (version: 1) route","timestamp":"2026-04-20T12:27:10.141Z"}
{"context":"RouterExplorer","level":"info","message":"Mapped {/api/testimonials/:id, PATCH} (version: 1) route","timestamp":"2026-04-20T12:27:10.141Z"}
{"context":"RouterExplorer","level":"info","message":"Mapped {/api/testimonials/:id/toggle-visible, PATCH} (version: 1) route","timestamp":"2026-04-20T12:27:10.141Z"}
{"context":"RouterExplorer","level":"info","message":"Mapped {/api/testimonials/:id, DELETE} (version: 1) route","timestamp":"2026-04-20T12:27:10.141Z"}
{"context":"RoutesResolver","level":"info","message":"UploadController {/api/upload} (version: 1):","timestamp":"2026-04-20T12:27:10.142Z"}
{"context":"RouterExplorer","level":"info","message":"Mapped {/api/upload/images, POST} (version: 1) route","timestamp":"2026-04-20T12:27:10.142Z"}
{"context":"RouterExplorer","level":"info","message":"Mapped {/api/upload/videos, POST} (version: 1) route","timestamp":"2026-04-20T12:27:10.143Z"}
{"context":"RouterExplorer","level":"info","message":"Mapped {/api/upload/delete, POST} (version: 1) route","timestamp":"2026-04-20T12:27:10.143Z"}
{"context":"NestApplication","level":"info","message":"Nest application successfully started","timestamp":"2026-04-20T12:27:10.143Z"}
{"context":"Bootstrap","level":"info","message":"Khairat API running on port 3001","timestamp":"2026-04-20T12:27:10.144Z"}
{"context":"Bootstrap","level":"info","message":"Swagger docs: http://localhost:3001/api/docs","timestamp":"2026-04-20T12:27:10.145Z"}
{"context":"NestFactory","level":"info","message":"Starting Nest application...","timestamp":"2026-04-20T21:15:31.754Z"}
{"context":"InstanceLoader","level":"info","message":"AppModule dependencies initialized","timestamp":"2026-04-20T21:15:31.755Z"}
{"context":"InstanceLoader","level":"info","message":"TypeOrmModule dependencies initialized","timestamp":"2026-04-20T21:15:31.756Z"}
{"context":"InstanceLoader","level":"info","message":"PassportModule dependencies initialized","timestamp":"2026-04-20T21:15:31.756Z"}
{"context":"InstanceLoader","level":"info","message":"ThrottlerModule dependencies initialized","timestamp":"2026-04-20T21:15:31.757Z"}
{"context":"InstanceLoader","level":"info","message":"ConfigHostModule dependencies initialized","timestamp":"2026-04-20T21:15:31.757Z"}
{"context":"InstanceLoader","level":"info","message":"WinstonModule dependencies initialized","timestamp":"2026-04-20T21:15:31.758Z"}
{"context":"InstanceLoader","level":"info","message":"ConfigModule dependencies initialized","timestamp":"2026-04-20T21:15:31.758Z"}
{"context":"InstanceLoader","level":"info","message":"ConfigModule dependencies initialized","timestamp":"2026-04-20T21:15:31.759Z"}
{"context":"InstanceLoader","level":"info","message":"JwtModule dependencies initialized","timestamp":"2026-04-20T21:15:31.759Z"}
{"context":"InstanceLoader","level":"info","message":"UploadModule dependencies initialized","timestamp":"2026-04-20T21:15:31.760Z"}
{"context":"InstanceLoader","level":"info","message":"TypeOrmCoreModule dependencies initialized","timestamp":"2026-04-20T21:15:31.760Z"}
{"context":"InstanceLoader","level":"info","message":"TypeOrmModule dependencies initialized","timestamp":"2026-04-20T21:15:31.761Z"}
{"context":"InstanceLoader","level":"info","message":"TypeOrmModule dependencies initialized","timestamp":"2026-04-20T21:15:31.761Z"}
{"context":"InstanceLoader","level":"info","message":"TypeOrmModule dependencies initialized","timestamp":"2026-04-20T21:15:31.762Z"}
{"context":"InstanceLoader","level":"info","message":"TypeOrmModule dependencies initialized","timestamp":"2026-04-20T21:15:31.762Z"}
{"context":"InstanceLoader","level":"info","message":"TypeOrmModule dependencies initialized","timestamp":"2026-04-20T21:15:31.763Z"}
{"context":"InstanceLoader","level":"info","message":"TypeOrmModule dependencies initialized","timestamp":"2026-04-20T21:15:31.763Z"}
{"context":"InstanceLoader","level":"info","message":"TypeOrmModule dependencies initialized","timestamp":"2026-04-20T21:15:31.763Z"}
{"context":"InstanceLoader","level":"info","message":"SeedModule dependencies initialized","timestamp":"2026-04-20T21:15:31.764Z"}
{"context":"InstanceLoader","level":"info","message":"CountriesModule dependencies initialized","timestamp":"2026-04-20T21:15:31.764Z"}
{"context":"InstanceLoader","level":"info","message":"FaqModule dependencies initialized","timestamp":"2026-04-20T21:15:31.764Z"}
{"context":"InstanceLoader","level":"info","message":"TestimonialsModule dependencies initialized","timestamp":"2026-04-20T21:15:31.765Z"}
{"context":"InstanceLoader","level":"info","message":"UsersModule dependencies initialized","timestamp":"2026-04-20T21:15:31.765Z"}
{"context":"InstanceLoader","level":"info","message":"AuthModule dependencies initialized","timestamp":"2026-04-20T21:15:31.766Z"}
{"context":"InstanceLoader","level":"info","message":"ServicesModule dependencies initialized","timestamp":"2026-04-20T21:15:31.766Z"}
{"context":"InstanceLoader","level":"info","message":"OrdersModule dependencies initialized","timestamp":"2026-04-20T21:15:31.767Z"}
{"context":"InstanceLoader","level":"info","message":"PaymentsModule dependencies initialized","timestamp":"2026-04-20T21:15:31.768Z"}
{"context":"RoutesResolver","level":"info","message":"AuthController {/api/auth} (version: 1):","timestamp":"2026-04-20T21:15:31.769Z"}
{"context":"RouterExplorer","level":"info","message":"Mapped {/api/auth/register, POST} (version: 1) route","timestamp":"2026-04-20T21:15:31.769Z"}
{"context":"RouterExplorer","level":"info","message":"Mapped {/api/auth/login, POST} (version: 1) route","timestamp":"2026-04-20T21:15:31.770Z"}
{"context":"RouterExplorer","level":"info","message":"Mapped {/api/auth/refresh, POST} (version: 1) route","timestamp":"2026-04-20T21:15:31.770Z"}
{"context":"RouterExplorer","level":"info","message":"Mapped {/api/auth/forgot-password, POST} (version: 1) route","timestamp":"2026-04-20T21:15:31.770Z"}
{"context":"RouterExplorer","level":"info","message":"Mapped {/api/auth/reset-password, POST} (version: 1) route","timestamp":"2026-04-20T21:15:31.771Z"}
{"context":"RoutesResolver","level":"info","message":"UsersController {/api/users} (version: 1):","timestamp":"2026-04-20T21:15:31.771Z"}
{"context":"RouterExplorer","level":"info","message":"Mapped {/api/users/me, GET} (version: 1) route","timestamp":"2026-04-20T21:15:31.771Z"}
{"context":"RouterExplorer","level":"info","message":"Mapped {/api/users/me, PATCH} (version: 1) route","timestamp":"2026-04-20T21:15:31.772Z"}
{"context":"RouterExplorer","level":"info","message":"Mapped {/api/users, POST} (version: 1) route","timestamp":"2026-04-20T21:15:31.772Z"}
{"context":"RouterExplorer","level":"info","message":"Mapped {/api/users, GET} (version: 1) route","timestamp":"2026-04-20T21:15:31.772Z"}
{"context":"RouterExplorer","level":"info","message":"Mapped {/api/users/:id, GET} (version: 1) route","timestamp":"2026-04-20T21:15:31.773Z"}
{"context":"RouterExplorer","level":"info","message":"Mapped {/api/users/:id, PATCH} (version: 1) route","timestamp":"2026-04-20T21:15:31.773Z"}
{"context":"RouterExplorer","level":"info","message":"Mapped {/api/users/:id, DELETE} (version: 1) route","timestamp":"2026-04-20T21:15:31.774Z"}
{"context":"RouterExplorer","level":"info","message":"Mapped {/api/users/:id/block, PATCH} (version: 1) route","timestamp":"2026-04-20T21:15:31.774Z"}
{"context":"RouterExplorer","level":"info","message":"Mapped {/api/users/:id/unblock, PATCH} (version: 1) route","timestamp":"2026-04-20T21:15:31.774Z"}
{"context":"RoutesResolver","level":"info","message":"ServicesController {/api/services} (version: 1):","timestamp":"2026-04-20T21:15:31.775Z"}
{"context":"RouterExplorer","level":"info","message":"Mapped {/api/services, GET} (version: 1) route","timestamp":"2026-04-20T21:15:31.775Z"}
{"context":"RouterExplorer","level":"info","message":"Mapped {/api/services/:id, GET} (version: 1) route","timestamp":"2026-04-20T21:15:31.776Z"}
{"context":"RouterExplorer","level":"info","message":"Mapped {/api/services, POST} (version: 1) route","timestamp":"2026-04-20T21:15:31.777Z"}
{"context":"RouterExplorer","level":"info","message":"Mapped {/api/services/:id, PATCH} (version: 1) route","timestamp":"2026-04-20T21:15:31.778Z"}
{"context":"RouterExplorer","level":"info","message":"Mapped {/api/services/:id, DELETE} (version: 1) route","timestamp":"2026-04-20T21:15:31.779Z"}
{"context":"RouterExplorer","level":"info","message":"Mapped {/api/services/:id/toggle-active, PATCH} (version: 1) route","timestamp":"2026-04-20T21:15:31.779Z"}
{"context":"RoutesResolver","level":"info","message":"OrdersController {/api/orders} (version: 1):","timestamp":"2026-04-20T21:15:31.780Z"}
{"context":"RouterExplorer","level":"info","message":"Mapped {/api/orders, POST} (version: 1) route","timestamp":"2026-04-20T21:15:31.781Z"}
{"context":"RouterExplorer","level":"info","message":"Mapped {/api/orders/me, GET} (version: 1) route","timestamp":"2026-04-20T21:15:31.782Z"}
{"context":"RouterExplorer","level":"info","message":"Mapped {/api/orders, GET} (version: 1) route","timestamp":"2026-04-20T21:15:31.783Z"}
{"context":"RouterExplorer","level":"info","message":"Mapped {/api/orders/:id, GET} (version: 1) route","timestamp":"2026-04-20T21:15:31.784Z"}
{"context":"RouterExplorer","level":"info","message":"Mapped {/api/orders/:id/status, PATCH} (version: 1) route","timestamp":"2026-04-20T21:15:31.785Z"}
{"context":"RoutesResolver","level":"info","message":"PaymentsController {/api/payments} (version: 1):","timestamp":"2026-04-20T21:15:31.786Z"}
{"context":"RouterExplorer","level":"info","message":"Mapped {/api/payments/initiate, POST} (version: 1) route","timestamp":"2026-04-20T21:15:31.786Z"}
{"context":"RouterExplorer","level":"info","message":"Mapped {/api/payments/webhook, POST} (version: 1) route","timestamp":"2026-04-20T21:15:31.787Z"}
{"context":"RouterExplorer","level":"info","message":"Mapped {/api/payments/:id, GET} (version: 1) route","timestamp":"2026-04-20T21:15:31.787Z"}
{"context":"RoutesResolver","level":"info","message":"CountriesController {/api/countries} (version: 1):","timestamp":"2026-04-20T21:15:31.788Z"}
{"context":"RouterExplorer","level":"info","message":"Mapped {/api/countries, GET} (version: 1) route","timestamp":"2026-04-20T21:15:31.789Z"}
{"context":"RouterExplorer","level":"info","message":"Mapped {/api/countries/seed, POST} (version: 1) route","timestamp":"2026-04-20T21:15:31.789Z"}
{"context":"RoutesResolver","level":"info","message":"FaqController {/api/faq} (version: 1):","timestamp":"2026-04-20T21:15:31.790Z"}
{"context":"RouterExplorer","level":"info","message":"Mapped {/api/faq, GET} (version: 1) route","timestamp":"2026-04-20T21:15:31.790Z"}
{"context":"RouterExplorer","level":"info","message":"Mapped {/api/faq/admin, GET} (version: 1) route","timestamp":"2026-04-20T21:15:31.791Z"}
{"context":"RouterExplorer","level":"info","message":"Mapped {/api/faq, POST} (version: 1) route","timestamp":"2026-04-20T21:15:31.791Z"}
{"context":"RouterExplorer","level":"info","message":"Mapped {/api/faq/:id, PATCH} (version: 1) route","timestamp":"2026-04-20T21:15:31.792Z"}
{"context":"RouterExplorer","level":"info","message":"Mapped {/api/faq/:id/toggle-active, PATCH} (version: 1) route","timestamp":"2026-04-20T21:15:31.792Z"}
{"context":"RouterExplorer","level":"info","message":"Mapped {/api/faq/:id, DELETE} (version: 1) route","timestamp":"2026-04-20T21:15:31.794Z"}
{"context":"RoutesResolver","level":"info","message":"TestimonialsController {/api/testimonials} (version: 1):","timestamp":"2026-04-20T21:15:31.795Z"}
{"context":"RouterExplorer","level":"info","message":"Mapped {/api/testimonials, GET} (version: 1) route","timestamp":"2026-04-20T21:15:31.795Z"}
{"context":"RouterExplorer","level":"info","message":"Mapped {/api/testimonials/admin, GET} (version: 1) route","timestamp":"2026-04-20T21:15:31.796Z"}
{"context":"RouterExplorer","level":"info","message":"Mapped {/api/testimonials, POST} (version: 1) route","timestamp":"2026-04-20T21:15:31.796Z"}
{"context":"RouterExplorer","level":"info","message":"Mapped {/api/testimonials/:id, PATCH} (version: 1) route","timestamp":"2026-04-20T21:15:31.797Z"}
{"context":"RouterExplorer","level":"info","message":"Mapped {/api/testimonials/:id/toggle-visible, PATCH} (version: 1) route","timestamp":"2026-04-20T21:15:31.797Z"}
{"context":"RouterExplorer","level":"info","message":"Mapped {/api/testimonials/:id, DELETE} (version: 1) route","timestamp":"2026-04-20T21:15:31.797Z"}
{"context":"RoutesResolver","level":"info","message":"UploadController {/api/upload} (version: 1):","timestamp":"2026-04-20T21:15:31.798Z"}
{"context":"RouterExplorer","level":"info","message":"Mapped {/api/upload/images, POST} (version: 1) route","timestamp":"2026-04-20T21:15:31.798Z"}
{"context":"RouterExplorer","level":"info","message":"Mapped {/api/upload/videos, POST} (version: 1) route","timestamp":"2026-04-20T21:15:31.799Z"}
{"context":"RouterExplorer","level":"info","message":"Mapped {/api/upload/delete, POST} (version: 1) route","timestamp":"2026-04-20T21:15:31.799Z"}
{"context":"RoutesResolver","level":"info","message":"SeedController {/api/seed} (version: 1):","timestamp":"2026-04-20T21:15:31.799Z"}
{"context":"RouterExplorer","level":"info","message":"Mapped {/api/seed/run, POST} (version: 1) route","timestamp":"2026-04-20T21:15:31.800Z"}
{"context":"NestApplication","level":"info","message":"Nest application successfully started","timestamp":"2026-04-20T21:15:31.800Z"}
{"context":"Bootstrap","level":"info","message":"Khairat API running on port 3001","timestamp":"2026-04-20T21:15:31.801Z"}
{"context":"Bootstrap","level":"info","message":"Swagger docs: http://localhost:3001/api/docs","timestamp":"2026-04-20T21:15:31.802Z"}
{"context":"NestFactory","level":"info","message":"Starting Nest application...","timestamp":"2026-04-20T21:26:35.203Z"}
{"context":"InstanceLoader","level":"info","message":"AppModule dependencies initialized","timestamp":"2026-04-20T21:26:35.205Z"}
{"context":"InstanceLoader","level":"info","message":"TypeOrmModule dependencies initialized","timestamp":"2026-04-20T21:26:35.205Z"}
{"context":"InstanceLoader","level":"info","message":"PassportModule dependencies initialized","timestamp":"2026-04-20T21:26:35.206Z"}
{"context":"InstanceLoader","level":"info","message":"ThrottlerModule dependencies initialized","timestamp":"2026-04-20T21:26:35.207Z"}
{"context":"InstanceLoader","level":"info","message":"ConfigHostModule dependencies initialized","timestamp":"2026-04-20T21:26:35.207Z"}
{"context":"InstanceLoader","level":"info","message":"WinstonModule dependencies initialized","timestamp":"2026-04-20T21:26:35.208Z"}
{"context":"InstanceLoader","level":"info","message":"ConfigModule dependencies initialized","timestamp":"2026-04-20T21:26:35.209Z"}
{"context":"InstanceLoader","level":"info","message":"ConfigModule dependencies initialized","timestamp":"2026-04-20T21:26:35.211Z"}
{"context":"InstanceLoader","level":"info","message":"JwtModule dependencies initialized","timestamp":"2026-04-20T21:26:35.212Z"}
{"context":"InstanceLoader","level":"info","message":"UploadModule dependencies initialized","timestamp":"2026-04-20T21:26:35.214Z"}
{"context":"InstanceLoader","level":"info","message":"TypeOrmCoreModule dependencies initialized","timestamp":"2026-04-20T21:26:35.214Z"}
{"context":"InstanceLoader","level":"info","message":"TypeOrmModule dependencies initialized","timestamp":"2026-04-20T21:26:35.215Z"}
{"context":"InstanceLoader","level":"info","message":"TypeOrmModule dependencies initialized","timestamp":"2026-04-20T21:26:35.216Z"}
{"context":"InstanceLoader","level":"info","message":"TypeOrmModule dependencies initialized","timestamp":"2026-04-20T21:26:35.216Z"}
{"context":"InstanceLoader","level":"info","message":"TypeOrmModule dependencies initialized","timestamp":"2026-04-20T21:26:35.217Z"}
{"context":"InstanceLoader","level":"info","message":"TypeOrmModule dependencies initialized","timestamp":"2026-04-20T21:26:35.218Z"}
{"context":"InstanceLoader","level":"info","message":"TypeOrmModule dependencies initialized","timestamp":"2026-04-20T21:26:35.219Z"}
{"context":"InstanceLoader","level":"info","message":"TypeOrmModule dependencies initialized","timestamp":"2026-04-20T21:26:35.219Z"}
{"context":"InstanceLoader","level":"info","message":"SeedModule dependencies initialized","timestamp":"2026-04-20T21:26:35.220Z"}
{"context":"InstanceLoader","level":"info","message":"CountriesModule dependencies initialized","timestamp":"2026-04-20T21:26:35.221Z"}
{"context":"InstanceLoader","level":"info","message":"FaqModule dependencies initialized","timestamp":"2026-04-20T21:26:35.221Z"}
{"context":"InstanceLoader","level":"info","message":"TestimonialsModule dependencies initialized","timestamp":"2026-04-20T21:26:35.222Z"}
{"context":"InstanceLoader","level":"info","message":"UsersModule dependencies initialized","timestamp":"2026-04-20T21:26:35.223Z"}
{"context":"InstanceLoader","level":"info","message":"AuthModule dependencies initialized","timestamp":"2026-04-20T21:26:35.223Z"}
{"context":"InstanceLoader","level":"info","message":"ServicesModule dependencies initialized","timestamp":"2026-04-20T21:26:35.224Z"}
{"context":"InstanceLoader","level":"info","message":"OrdersModule dependencies initialized","timestamp":"2026-04-20T21:26:35.224Z"}
{"context":"InstanceLoader","level":"info","message":"PaymentsModule dependencies initialized","timestamp":"2026-04-20T21:26:35.225Z"}
{"context":"RoutesResolver","level":"info","message":"AuthController {/api/auth} (version: 1):","timestamp":"2026-04-20T21:26:35.226Z"}
{"context":"RouterExplorer","level":"info","message":"Mapped {/api/auth/register, POST} (version: 1) route","timestamp":"2026-04-20T21:26:35.227Z"}
{"context":"RouterExplorer","level":"info","message":"Mapped {/api/auth/login, POST} (version: 1) route","timestamp":"2026-04-20T21:26:35.227Z"}
{"context":"RouterExplorer","level":"info","message":"Mapped {/api/auth/refresh, POST} (version: 1) route","timestamp":"2026-04-20T21:26:35.228Z"}
{"context":"RouterExplorer","level":"info","message":"Mapped {/api/auth/forgot-password, POST} (version: 1) route","timestamp":"2026-04-20T21:26:35.229Z"}
{"context":"RouterExplorer","level":"info","message":"Mapped {/api/auth/reset-password, POST} (version: 1) route","timestamp":"2026-04-20T21:26:35.229Z"}
{"context":"RoutesResolver","level":"info","message":"UsersController {/api/users} (version: 1):","timestamp":"2026-04-20T21:26:35.230Z"}
{"context":"RouterExplorer","level":"info","message":"Mapped {/api/users/me, GET} (version: 1) route","timestamp":"2026-04-20T21:26:35.231Z"}
{"context":"RouterExplorer","level":"info","message":"Mapped {/api/users/me, PATCH} (version: 1) route","timestamp":"2026-04-20T21:26:35.231Z"}
{"context":"RouterExplorer","level":"info","message":"Mapped {/api/users, POST} (version: 1) route","timestamp":"2026-04-20T21:26:35.232Z"}
{"context":"RouterExplorer","level":"info","message":"Mapped {/api/users, GET} (version: 1) route","timestamp":"2026-04-20T21:26:35.232Z"}
{"context":"RouterExplorer","level":"info","message":"Mapped {/api/users/:id, GET} (version: 1) route","timestamp":"2026-04-20T21:26:35.233Z"}
{"context":"RouterExplorer","level":"info","message":"Mapped {/api/users/:id, PATCH} (version: 1) route","timestamp":"2026-04-20T21:26:35.233Z"}
{"context":"RouterExplorer","level":"info","message":"Mapped {/api/users/:id, DELETE} (version: 1) route","timestamp":"2026-04-20T21:26:35.234Z"}
{"context":"RouterExplorer","level":"info","message":"Mapped {/api/users/:id/block, PATCH} (version: 1) route","timestamp":"2026-04-20T21:26:35.234Z"}
{"context":"RouterExplorer","level":"info","message":"Mapped {/api/users/:id/unblock, PATCH} (version: 1) route","timestamp":"2026-04-20T21:26:35.235Z"}
{"context":"RoutesResolver","level":"info","message":"ServicesController {/api/services} (version: 1):","timestamp":"2026-04-20T21:26:35.236Z"}
{"context":"RouterExplorer","level":"info","message":"Mapped {/api/services, GET} (version: 1) route","timestamp":"2026-04-20T21:26:35.236Z"}
{"context":"RouterExplorer","level":"info","message":"Mapped {/api/services/:id, GET} (version: 1) route","timestamp":"2026-04-20T21:26:35.237Z"}
{"context":"RouterExplorer","level":"info","message":"Mapped {/api/services, POST} (version: 1) route","timestamp":"2026-04-20T21:26:35.238Z"}
{"context":"RouterExplorer","level":"info","message":"Mapped {/api/services/:id, PATCH} (version: 1) route","timestamp":"2026-04-20T21:26:35.239Z"}
{"context":"RouterExplorer","level":"info","message":"Mapped {/api/services/:id, DELETE} (version: 1) route","timestamp":"2026-04-20T21:26:35.239Z"}
{"context":"RouterExplorer","level":"info","message":"Mapped {/api/services/:id/toggle-active, PATCH} (version: 1) route","timestamp":"2026-04-20T21:26:35.240Z"}
{"context":"RoutesResolver","level":"info","message":"OrdersController {/api/orders} (version: 1):","timestamp":"2026-04-20T21:26:35.240Z"}
{"context":"RouterExplorer","level":"info","message":"Mapped {/api/orders, POST} (version: 1) route","timestamp":"2026-04-20T21:26:35.241Z"}
{"context":"RouterExplorer","level":"info","message":"Mapped {/api/orders/me, GET} (version: 1) route","timestamp":"2026-04-20T21:26:35.242Z"}
{"context":"RouterExplorer","level":"info","message":"Mapped {/api/orders, GET} (version: 1) route","timestamp":"2026-04-20T21:26:35.243Z"}
{"context":"RouterExplorer","level":"info","message":"Mapped {/api/orders/:id, GET} (version: 1) route","timestamp":"2026-04-20T21:26:35.244Z"}
{"context":"RouterExplorer","level":"info","message":"Mapped {/api/orders/:id/status, PATCH} (version: 1) route","timestamp":"2026-04-20T21:26:35.245Z"}
{"context":"RoutesResolver","level":"info","message":"PaymentsController {/api/payments} (version: 1):","timestamp":"2026-04-20T21:26:35.245Z"}
{"context":"RouterExplorer","level":"info","message":"Mapped {/api/payments/initiate, POST} (version: 1) route","timestamp":"2026-04-20T21:26:35.246Z"}
{"context":"RouterExplorer","level":"info","message":"Mapped {/api/payments/webhook, POST} (version: 1) route","timestamp":"2026-04-20T21:26:35.246Z"}
{"context":"RouterExplorer","level":"info","message":"Mapped {/api/payments/:id, GET} (version: 1) route","timestamp":"2026-04-20T21:26:35.247Z"}
{"context":"RoutesResolver","level":"info","message":"CountriesController {/api/countries} (version: 1):","timestamp":"2026-04-20T21:26:35.247Z"}
{"context":"RouterExplorer","level":"info","message":"Mapped {/api/countries, GET} (version: 1) route","timestamp":"2026-04-20T21:26:35.248Z"}
{"context":"RouterExplorer","level":"info","message":"Mapped {/api/countries/seed, POST} (version: 1) route","timestamp":"2026-04-20T21:26:35.249Z"}
{"context":"RoutesResolver","level":"info","message":"FaqController {/api/faq} (version: 1):","timestamp":"2026-04-20T21:26:35.249Z"}
{"context":"RouterExplorer","level":"info","message":"Mapped {/api/faq, GET} (version: 1) route","timestamp":"2026-04-20T21:26:35.250Z"}
{"context":"RouterExplorer","level":"info","message":"Mapped {/api/faq/admin, GET} (version: 1) route","timestamp":"2026-04-20T21:26:35.250Z"}
{"context":"RouterExplorer","level":"info","message":"Mapped {/api/faq, POST} (version: 1) route","timestamp":"2026-04-20T21:26:35.251Z"}
{"context":"RouterExplorer","level":"info","message":"Mapped {/api/faq/:id, PATCH} (version: 1) route","timestamp":"2026-04-20T21:26:35.252Z"}
{"context":"RouterExplorer","level":"info","message":"Mapped {/api/faq/:id/toggle-active, PATCH} (version: 1) route","timestamp":"2026-04-20T21:26:35.252Z"}
{"context":"RouterExplorer","level":"info","message":"Mapped {/api/faq/:id, DELETE} (version: 1) route","timestamp":"2026-04-20T21:26:35.253Z"}
{"context":"RoutesResolver","level":"info","message":"TestimonialsController {/api/testimonials} (version: 1):","timestamp":"2026-04-20T21:26:35.253Z"}
{"context":"RouterExplorer","level":"info","message":"Mapped {/api/testimonials, GET} (version: 1) route","timestamp":"2026-04-20T21:26:35.254Z"}
{"context":"RouterExplorer","level":"info","message":"Mapped {/api/testimonials/admin, GET} (version: 1) route","timestamp":"2026-04-20T21:26:35.255Z"}
{"context":"RouterExplorer","level":"info","message":"Mapped {/api/testimonials, POST} (version: 1) route","timestamp":"2026-04-20T21:26:35.255Z"}
{"context":"RouterExplorer","level":"info","message":"Mapped {/api/testimonials/:id, PATCH} (version: 1) route","timestamp":"2026-04-20T21:26:35.256Z"}
{"context":"RouterExplorer","level":"info","message":"Mapped {/api/testimonials/:id/toggle-visible, PATCH} (version: 1) route","timestamp":"2026-04-20T21:26:35.256Z"}
{"context":"RouterExplorer","level":"info","message":"Mapped {/api/testimonials/:id, DELETE} (version: 1) route","timestamp":"2026-04-20T21:26:35.257Z"}
{"context":"RoutesResolver","level":"info","message":"UploadController {/api/upload} (version: 1):","timestamp":"2026-04-20T21:26:35.257Z"}
{"context":"RouterExplorer","level":"info","message":"Mapped {/api/upload/images, POST} (version: 1) route","timestamp":"2026-04-20T21:26:35.258Z"}
{"context":"RouterExplorer","level":"info","message":"Mapped {/api/upload/videos, POST} (version: 1) route","timestamp":"2026-04-20T21:26:35.260Z"}
{"context":"RouterExplorer","level":"info","message":"Mapped {/api/upload/delete, POST} (version: 1) route","timestamp":"2026-04-20T21:26:35.261Z"}
{"context":"RoutesResolver","level":"info","message":"SeedController {/api/seed} (version: 1):","timestamp":"2026-04-20T21:26:35.262Z"}
{"context":"RouterExplorer","level":"info","message":"Mapped {/api/seed/run, POST} (version: 1) route","timestamp":"2026-04-20T21:26:35.262Z"}
{"context":"NestApplication","level":"info","message":"Nest application successfully started","timestamp":"2026-04-20T21:26:35.263Z"}
{"context":"Bootstrap","level":"info","message":"Khairat API running on port 3001","timestamp":"2026-04-20T21:26:35.264Z"}
{"context":"Bootstrap","level":"info","message":"Swagger docs: http://localhost:3001/api/docs","timestamp":"2026-04-20T21:26:35.265Z"}
{"context":"NestFactory","level":"info","message":"Starting Nest application...","timestamp":"2026-04-20T21:26:54.403Z"}
{"context":"InstanceLoader","level":"info","message":"AppModule dependencies initialized","timestamp":"2026-04-20T21:26:54.404Z"}
{"context":"InstanceLoader","level":"info","message":"TypeOrmModule dependencies initialized","timestamp":"2026-04-20T21:26:54.405Z"}
{"context":"InstanceLoader","level":"info","message":"PassportModule dependencies initialized","timestamp":"2026-04-20T21:26:54.407Z"}
{"context":"InstanceLoader","level":"info","message":"ThrottlerModule dependencies initialized","timestamp":"2026-04-20T21:26:54.409Z"}
{"context":"InstanceLoader","level":"info","message":"ConfigHostModule dependencies initialized","timestamp":"2026-04-20T21:26:54.410Z"}
{"context":"InstanceLoader","level":"info","message":"WinstonModule dependencies initialized","timestamp":"2026-04-20T21:26:54.411Z"}
{"context":"InstanceLoader","level":"info","message":"ConfigModule dependencies initialized","timestamp":"2026-04-20T21:26:54.411Z"}
{"context":"InstanceLoader","level":"info","message":"ConfigModule dependencies initialized","timestamp":"2026-04-20T21:26:54.412Z"}
{"context":"InstanceLoader","level":"info","message":"JwtModule dependencies initialized","timestamp":"2026-04-20T21:26:54.413Z"}
{"context":"InstanceLoader","level":"info","message":"UploadModule dependencies initialized","timestamp":"2026-04-20T21:26:54.413Z"}
{"context":"InstanceLoader","level":"info","message":"TypeOrmCoreModule dependencies initialized","timestamp":"2026-04-20T21:26:54.414Z"}
{"context":"InstanceLoader","level":"info","message":"TypeOrmModule dependencies initialized","timestamp":"2026-04-20T21:26:54.415Z"}
{"context":"InstanceLoader","level":"info","message":"TypeOrmModule dependencies initialized","timestamp":"2026-04-20T21:26:54.415Z"}
{"context":"InstanceLoader","level":"info","message":"TypeOrmModule dependencies initialized","timestamp":"2026-04-20T21:26:54.416Z"}
{"context":"InstanceLoader","level":"info","message":"TypeOrmModule dependencies initialized","timestamp":"2026-04-20T21:26:54.416Z"}
{"context":"InstanceLoader","level":"info","message":"TypeOrmModule dependencies initialized","timestamp":"2026-04-20T21:26:54.417Z"}
{"context":"InstanceLoader","level":"info","message":"TypeOrmModule dependencies initialized","timestamp":"2026-04-20T21:26:54.417Z"}
{"context":"InstanceLoader","level":"info","message":"TypeOrmModule dependencies initialized","timestamp":"2026-04-20T21:26:54.417Z"}
{"context":"InstanceLoader","level":"info","message":"SeedModule dependencies initialized","timestamp":"2026-04-20T21:26:54.418Z"}
{"context":"InstanceLoader","level":"info","message":"CountriesModule dependencies initialized","timestamp":"2026-04-20T21:26:54.418Z"}
{"context":"InstanceLoader","level":"info","message":"FaqModule dependencies initialized","timestamp":"2026-04-20T21:26:54.419Z"}
{"context":"InstanceLoader","level":"info","message":"TestimonialsModule dependencies initialized","timestamp":"2026-04-20T21:26:54.419Z"}
{"context":"InstanceLoader","level":"info","message":"UsersModule dependencies initialized","timestamp":"2026-04-20T21:26:54.420Z"}
{"context":"InstanceLoader","level":"info","message":"AuthModule dependencies initialized","timestamp":"2026-04-20T21:26:54.420Z"}
{"context":"InstanceLoader","level":"info","message":"ServicesModule dependencies initialized","timestamp":"2026-04-20T21:26:54.421Z"}
{"context":"InstanceLoader","level":"info","message":"OrdersModule dependencies initialized","timestamp":"2026-04-20T21:26:54.421Z"}
{"context":"InstanceLoader","level":"info","message":"PaymentsModule dependencies initialized","timestamp":"2026-04-20T21:26:54.422Z"}
{"context":"RoutesResolver","level":"info","message":"AuthController {/api/auth} (version: 1):","timestamp":"2026-04-20T21:26:54.422Z"}
{"context":"RouterExplorer","level":"info","message":"Mapped {/api/auth/register, POST} (version: 1) route","timestamp":"2026-04-20T21:26:54.422Z"}
{"context":"RouterExplorer","level":"info","message":"Mapped {/api/auth/login, POST} (version: 1) route","timestamp":"2026-04-20T21:26:54.423Z"}
{"context":"RouterExplorer","level":"info","message":"Mapped {/api/auth/refresh, POST} (version: 1) route","timestamp":"2026-04-20T21:26:54.424Z"}
{"context":"RouterExplorer","level":"info","message":"Mapped {/api/auth/forgot-password, POST} (version: 1) route","timestamp":"2026-04-20T21:26:54.425Z"}
{"context":"RouterExplorer","level":"info","message":"Mapped {/api/auth/reset-password, POST} (version: 1) route","timestamp":"2026-04-20T21:26:54.426Z"}
{"context":"RoutesResolver","level":"info","message":"UsersController {/api/users} (version: 1):","timestamp":"2026-04-20T21:26:54.426Z"}
{"context":"RouterExplorer","level":"info","message":"Mapped {/api/users/me, GET} (version: 1) route","timestamp":"2026-04-20T21:26:54.427Z"}
{"context":"RouterExplorer","level":"info","message":"Mapped {/api/users/me, PATCH} (version: 1) route","timestamp":"2026-04-20T21:26:54.427Z"}
{"context":"RouterExplorer","level":"info","message":"Mapped {/api/users, POST} (version: 1) route","timestamp":"2026-04-20T21:26:54.427Z"}
{"context":"RouterExplorer","level":"info","message":"Mapped {/api/users, GET} (version: 1) route","timestamp":"2026-04-20T21:26:54.428Z"}
{"context":"RouterExplorer","level":"info","message":"Mapped {/api/users/:id, GET} (version: 1) route","timestamp":"2026-04-20T21:26:54.428Z"}
{"context":"RouterExplorer","level":"info","message":"Mapped {/api/users/:id, PATCH} (version: 1) route","timestamp":"2026-04-20T21:26:54.429Z"}
{"context":"RouterExplorer","level":"info","message":"Mapped {/api/users/:id, DELETE} (version: 1) route","timestamp":"2026-04-20T21:26:54.429Z"}
{"context":"RouterExplorer","level":"info","message":"Mapped {/api/users/:id/block, PATCH} (version: 1) route","timestamp":"2026-04-20T21:26:54.430Z"}
{"context":"RouterExplorer","level":"info","message":"Mapped {/api/users/:id/unblock, PATCH} (version: 1) route","timestamp":"2026-04-20T21:26:54.430Z"}
{"context":"RoutesResolver","level":"info","message":"ServicesController {/api/services} (version: 1):","timestamp":"2026-04-20T21:26:54.431Z"}
{"context":"RouterExplorer","level":"info","message":"Mapped {/api/services, GET} (version: 1) route","timestamp":"2026-04-20T21:26:54.432Z"}
{"context":"RouterExplorer","level":"info","message":"Mapped {/api/services/:id, GET} (version: 1) route","timestamp":"2026-04-20T21:26:54.432Z"}
{"context":"RouterExplorer","level":"info","message":"Mapped {/api/services, POST} (version: 1) route","timestamp":"2026-04-20T21:26:54.433Z"}
{"context":"RouterExplorer","level":"info","message":"Mapped {/api/services/:id, PATCH} (version: 1) route","timestamp":"2026-04-20T21:26:54.433Z"}
{"context":"RouterExplorer","level":"info","message":"Mapped {/api/services/:id, DELETE} (version: 1) route","timestamp":"2026-04-20T21:26:54.434Z"}
{"context":"RouterExplorer","level":"info","message":"Mapped {/api/services/:id/toggle-active, PATCH} (version: 1) route","timestamp":"2026-04-20T21:26:54.434Z"}
{"context":"RoutesResolver","level":"info","message":"OrdersController {/api/orders} (version: 1):","timestamp":"2026-04-20T21:26:54.435Z"}
{"context":"RouterExplorer","level":"info","message":"Mapped {/api/orders, POST} (version: 1) route","timestamp":"2026-04-20T21:26:54.435Z"}
{"context":"RouterExplorer","level":"info","message":"Mapped {/api/orders/me, GET} (version: 1) route","timestamp":"2026-04-20T21:26:54.436Z"}
{"context":"RouterExplorer","level":"info","message":"Mapped {/api/orders, GET} (version: 1) route","timestamp":"2026-04-20T21:26:54.436Z"}
{"context":"RouterExplorer","level":"info","message":"Mapped {/api/orders/:id, GET} (version: 1) route","timestamp":"2026-04-20T21:26:54.436Z"}
{"context":"RouterExplorer","level":"info","message":"Mapped {/api/orders/:id/status, PATCH} (version: 1) route","timestamp":"2026-04-20T21:26:54.437Z"}
{"context":"RoutesResolver","level":"info","message":"PaymentsController {/api/payments} (version: 1):","timestamp":"2026-04-20T21:26:54.437Z"}
{"context":"RouterExplorer","level":"info","message":"Mapped {/api/payments/initiate, POST} (version: 1) route","timestamp":"2026-04-20T21:26:54.437Z"}
{"context":"RouterExplorer","level":"info","message":"Mapped {/api/payments/webhook, POST} (version: 1) route","timestamp":"2026-04-20T21:26:54.438Z"}
{"context":"RouterExplorer","level":"info","message":"Mapped {/api/payments/:id, GET} (version: 1) route","timestamp":"2026-04-20T21:26:54.438Z"}
{"context":"RoutesResolver","level":"info","message":"CountriesController {/api/countries} (version: 1):","timestamp":"2026-04-20T21:26:54.438Z"}
{"context":"RouterExplorer","level":"info","message":"Mapped {/api/countries, GET} (version: 1) route","timestamp":"2026-04-20T21:26:54.439Z"}
{"context":"RouterExplorer","level":"info","message":"Mapped {/api/countries/seed, POST} (version: 1) route","timestamp":"2026-04-20T21:26:54.440Z"}
{"context":"RoutesResolver","level":"info","message":"FaqController {/api/faq} (version: 1):","timestamp":"2026-04-20T21:26:54.441Z"}
{"context":"RouterExplorer","level":"info","message":"Mapped {/api/faq, GET} (version: 1) route","timestamp":"2026-04-20T21:26:54.441Z"}
{"context":"RouterExplorer","level":"info","message":"Mapped {/api/faq/admin, GET} (version: 1) route","timestamp":"2026-04-20T21:26:54.442Z"}
{"context":"RouterExplorer","level":"info","message":"Mapped {/api/faq, POST} (version: 1) route","timestamp":"2026-04-20T21:26:54.442Z"}
{"context":"RouterExplorer","level":"info","message":"Mapped {/api/faq/:id, PATCH} (version: 1) route","timestamp":"2026-04-20T21:26:54.443Z"}
{"context":"RouterExplorer","level":"info","message":"Mapped {/api/faq/:id/toggle-active, PATCH} (version: 1) route","timestamp":"2026-04-20T21:26:54.443Z"}
{"context":"RouterExplorer","level":"info","message":"Mapped {/api/faq/:id, DELETE} (version: 1) route","timestamp":"2026-04-20T21:26:54.444Z"}
{"context":"RoutesResolver","level":"info","message":"TestimonialsController {/api/testimonials} (version: 1):","timestamp":"2026-04-20T21:26:54.445Z"}
{"context":"RouterExplorer","level":"info","message":"Mapped {/api/testimonials, GET} (version: 1) route","timestamp":"2026-04-20T21:26:54.445Z"}
{"context":"RouterExplorer","level":"info","message":"Mapped {/api/testimonials/admin, GET} (version: 1) route","timestamp":"2026-04-20T21:26:54.446Z"}
{"context":"RouterExplorer","level":"info","message":"Mapped {/api/testimonials, POST} (version: 1) route","timestamp":"2026-04-20T21:26:54.446Z"}
{"context":"RouterExplorer","level":"info","message":"Mapped {/api/testimonials/:id, PATCH} (version: 1) route","timestamp":"2026-04-20T21:26:54.446Z"}
{"context":"RouterExplorer","level":"info","message":"Mapped {/api/testimonials/:id/toggle-visible, PATCH} (version: 1) route","timestamp":"2026-04-20T21:26:54.447Z"}
{"context":"RouterExplorer","level":"info","message":"Mapped {/api/testimonials/:id, DELETE} (version: 1) route","timestamp":"2026-04-20T21:26:54.447Z"}
{"context":"RoutesResolver","level":"info","message":"UploadController {/api/upload} (version: 1):","timestamp":"2026-04-20T21:26:54.448Z"}
{"context":"RouterExplorer","level":"info","message":"Mapped {/api/upload/images, POST} (version: 1) route","timestamp":"2026-04-20T21:26:54.448Z"}
{"context":"RouterExplorer","level":"info","message":"Mapped {/api/upload/videos, POST} (version: 1) route","timestamp":"2026-04-20T21:26:54.449Z"}
{"context":"RouterExplorer","level":"info","message":"Mapped {/api/upload/delete, POST} (version: 1) route","timestamp":"2026-04-20T21:26:54.449Z"}
{"context":"RoutesResolver","level":"info","message":"SeedController {/api/seed} (version: 1):","timestamp":"2026-04-20T21:26:54.450Z"}
{"context":"RouterExplorer","level":"info","message":"Mapped {/api/seed/run, POST} (version: 1) route","timestamp":"2026-04-20T21:26:54.450Z"}
{"context":"NestApplication","level":"info","message":"Nest application successfully started","timestamp":"2026-04-20T21:26:54.451Z"}
{"context":"Bootstrap","level":"info","message":"Khairat API running on port 3001","timestamp":"2026-04-20T21:26:54.452Z"}
{"context":"Bootstrap","level":"info","message":"Swagger docs: http://localhost:3001/api/docs","timestamp":"2026-04-20T21:26:54.453Z"}
{"context":"NestFactory","level":"info","message":"Starting Nest application...","timestamp":"2026-04-20T22:12:39.053Z"}
{"context":"InstanceLoader","level":"info","message":"AppModule dependencies initialized","timestamp":"2026-04-20T22:12:39.053Z"}
{"context":"InstanceLoader","level":"info","message":"TypeOrmModule dependencies initialized","timestamp":"2026-04-20T22:12:39.054Z"}
{"context":"InstanceLoader","level":"info","message":"PassportModule dependencies initialized","timestamp":"2026-04-20T22:12:39.054Z"}
{"context":"InstanceLoader","level":"info","message":"ThrottlerModule dependencies initialized","timestamp":"2026-04-20T22:12:39.054Z"}
{"context":"InstanceLoader","level":"info","message":"ConfigHostModule dependencies initialized","timestamp":"2026-04-20T22:12:39.054Z"}
{"context":"InstanceLoader","level":"info","message":"WinstonModule dependencies initialized","timestamp":"2026-04-20T22:12:39.054Z"}
{"context":"InstanceLoader","level":"info","message":"ConfigModule dependencies initialized","timestamp":"2026-04-20T22:12:39.055Z"}
{"context":"InstanceLoader","level":"info","message":"ConfigModule dependencies initialized","timestamp":"2026-04-20T22:12:39.055Z"}
{"context":"InstanceLoader","level":"info","message":"JwtModule dependencies initialized","timestamp":"2026-04-20T22:12:39.055Z"}
{"context":"InstanceLoader","level":"info","message":"UploadModule dependencies initialized","timestamp":"2026-04-20T22:12:39.055Z"}
{"context":"InstanceLoader","level":"info","message":"TypeOrmCoreModule dependencies initialized","timestamp":"2026-04-20T22:12:39.055Z"}
{"context":"InstanceLoader","level":"info","message":"TypeOrmModule dependencies initialized","timestamp":"2026-04-20T22:12:39.055Z"}
{"context":"InstanceLoader","level":"info","message":"TypeOrmModule dependencies initialized","timestamp":"2026-04-20T22:12:39.055Z"}
{"context":"InstanceLoader","level":"info","message":"TypeOrmModule dependencies initialized","timestamp":"2026-04-20T22:12:39.055Z"}
{"context":"InstanceLoader","level":"info","message":"TypeOrmModule dependencies initialized","timestamp":"2026-04-20T22:12:39.055Z"}
{"context":"InstanceLoader","level":"info","message":"TypeOrmModule dependencies initialized","timestamp":"2026-04-20T22:12:39.055Z"}
{"context":"InstanceLoader","level":"info","message":"TypeOrmModule dependencies initialized","timestamp":"2026-04-20T22:12:39.055Z"}
{"context":"InstanceLoader","level":"info","message":"TypeOrmModule dependencies initialized","timestamp":"2026-04-20T22:12:39.055Z"}
{"context":"InstanceLoader","level":"info","message":"TypeOrmModule dependencies initialized","timestamp":"2026-04-20T22:12:39.055Z"}
{"context":"InstanceLoader","level":"info","message":"AuditLogsModule dependencies initialized","timestamp":"2026-04-20T22:12:39.055Z"}
{"context":"InstanceLoader","level":"info","message":"SeedModule dependencies initialized","timestamp":"2026-04-20T22:12:39.056Z"}
{"context":"InstanceLoader","level":"info","message":"CountriesModule dependencies initialized","timestamp":"2026-04-20T22:12:39.056Z"}
{"context":"InstanceLoader","level":"info","message":"FaqModule dependencies initialized","timestamp":"2026-04-20T22:12:39.056Z"}
{"context":"InstanceLoader","level":"info","message":"TestimonialsModule dependencies initialized","timestamp":"2026-04-20T22:12:39.056Z"}
{"context":"InstanceLoader","level":"info","message":"AuthModule dependencies initialized","timestamp":"2026-04-20T22:12:39.056Z"}
{"context":"InstanceLoader","level":"info","message":"ServicesModule dependencies initialized","timestamp":"2026-04-20T22:12:39.056Z"}
{"context":"InstanceLoader","level":"info","message":"OrdersModule dependencies initialized","timestamp":"2026-04-20T22:12:39.056Z"}
{"context":"InstanceLoader","level":"info","message":"PaymentsModule dependencies initialized","timestamp":"2026-04-20T22:12:39.056Z"}
{"context":"InstanceLoader","level":"info","message":"UsersModule dependencies initialized","timestamp":"2026-04-20T22:12:39.056Z"}
{"context":"RoutesResolver","level":"info","message":"AuthController {/api/auth} (version: 1):","timestamp":"2026-04-20T22:12:39.056Z"}
{"context":"RouterExplorer","level":"info","message":"Mapped {/api/auth/register, POST} (version: 1) route","timestamp":"2026-04-20T22:12:39.056Z"}
{"context":"RouterExplorer","level":"info","message":"Mapped {/api/auth/login, POST} (version: 1) route","timestamp":"2026-04-20T22:12:39.056Z"}
{"context":"RouterExplorer","level":"info","message":"Mapped {/api/auth/refresh, POST} (version: 1) route","timestamp":"2026-04-20T22:12:39.056Z"}
{"context":"RouterExplorer","level":"info","message":"Mapped {/api/auth/forgot-password, POST} (version: 1) route","timestamp":"2026-04-20T22:12:39.056Z"}
{"context":"RouterExplorer","level":"info","message":"Mapped {/api/auth/reset-password, POST} (version: 1) route","timestamp":"2026-04-20T22:12:39.056Z"}
{"context":"RoutesResolver","level":"info","message":"UsersController {/api/users} (version: 1):","timestamp":"2026-04-20T22:12:39.056Z"}
{"context":"RouterExplorer","level":"info","message":"Mapped {/api/users/me, GET} (version: 1) route","timestamp":"2026-04-20T22:12:39.056Z"}
{"context":"RouterExplorer","level":"info","message":"Mapped {/api/users/me, PATCH} (version: 1) route","timestamp":"2026-04-20T22:12:39.056Z"}
{"context":"RouterExplorer","level":"info","message":"Mapped {/api/users, POST} (version: 1) route","timestamp":"2026-04-20T22:12:39.056Z"}
{"context":"RouterExplorer","level":"info","message":"Mapped {/api/users/admin/audit-logs, GET} (version: 1) route","timestamp":"2026-04-20T22:12:39.056Z"}
{"context":"RouterExplorer","level":"info","message":"Mapped {/api/users, GET} (version: 1) route","timestamp":"2026-04-20T22:12:39.056Z"}
{"context":"RouterExplorer","level":"info","message":"Mapped {/api/users/:id, GET} (version: 1) route","timestamp":"2026-04-20T22:12:39.056Z"}
{"context":"RouterExplorer","level":"info","message":"Mapped {/api/users/:id, PATCH} (version: 1) route","timestamp":"2026-04-20T22:12:39.056Z"}
{"context":"RouterExplorer","level":"info","message":"Mapped {/api/users/:id, DELETE} (version: 1) route","timestamp":"2026-04-20T22:12:39.056Z"}
{"context":"RouterExplorer","level":"info","message":"Mapped {/api/users/:id/block, PATCH} (version: 1) route","timestamp":"2026-04-20T22:12:39.056Z"}
{"context":"RouterExplorer","level":"info","message":"Mapped {/api/users/:id/unblock, PATCH} (version: 1) route","timestamp":"2026-04-20T22:12:39.056Z"}
{"context":"RoutesResolver","level":"info","message":"ServicesController {/api/services} (version: 1):","timestamp":"2026-04-20T22:12:39.056Z"}
{"context":"RouterExplorer","level":"info","message":"Mapped {/api/services, GET} (version: 1) route","timestamp":"2026-04-20T22:12:39.056Z"}
{"context":"RouterExplorer","level":"info","message":"Mapped {/api/services/:id, GET} (version: 1) route","timestamp":"2026-04-20T22:12:39.057Z"}
{"context":"RouterExplorer","level":"info","message":"Mapped {/api/services, POST} (version: 1) route","timestamp":"2026-04-20T22:12:39.057Z"}
{"context":"RouterExplorer","level":"info","message":"Mapped {/api/services/:id, PATCH} (version: 1) route","timestamp":"2026-04-20T22:12:39.057Z"}
{"context":"RouterExplorer","level":"info","message":"Mapped {/api/services/:id, DELETE} (version: 1) route","timestamp":"2026-04-20T22:12:39.057Z"}
{"context":"RouterExplorer","level":"info","message":"Mapped {/api/services/:id/toggle-active, PATCH} (version: 1) route","timestamp":"2026-04-20T22:12:39.057Z"}
{"context":"RoutesResolver","level":"info","message":"OrdersController {/api/orders} (version: 1):","timestamp":"2026-04-20T22:12:39.057Z"}
{"context":"RouterExplorer","level":"info","message":"Mapped {/api/orders, POST} (version: 1) route","timestamp":"2026-04-20T22:12:39.057Z"}
{"context":"RouterExplorer","level":"info","message":"Mapped {/api/orders/me, GET} (version: 1) route","timestamp":"2026-04-20T22:12:39.057Z"}
{"context":"RouterExplorer","level":"info","message":"Mapped {/api/orders, GET} (version: 1) route","timestamp":"2026-04-20T22:12:39.057Z"}
{"context":"RouterExplorer","level":"info","message":"Mapped {/api/orders/:id, GET} (version: 1) route","timestamp":"2026-04-20T22:12:39.057Z"}
{"context":"RouterExplorer","level":"info","message":"Mapped {/api/orders/:id/status, PATCH} (version: 1) route","timestamp":"2026-04-20T22:12:39.057Z"}
{"context":"RoutesResolver","level":"info","message":"PaymentsController {/api/payments} (version: 1):","timestamp":"2026-04-20T22:12:39.057Z"}
{"context":"RouterExplorer","level":"info","message":"Mapped {/api/payments/initiate, POST} (version: 1) route","timestamp":"2026-04-20T22:12:39.057Z"}
{"context":"RouterExplorer","level":"info","message":"Mapped {/api/payments/webhook, POST} (version: 1) route","timestamp":"2026-04-20T22:12:39.057Z"}
{"context":"RouterExplorer","level":"info","message":"Mapped {/api/payments/:id, GET} (version: 1) route","timestamp":"2026-04-20T22:12:39.057Z"}
{"context":"RoutesResolver","level":"info","message":"CountriesController {/api/countries} (version: 1):","timestamp":"2026-04-20T22:12:39.057Z"}
{"context":"RouterExplorer","level":"info","message":"Mapped {/api/countries, GET} (version: 1) route","timestamp":"2026-04-20T22:12:39.057Z"}
{"context":"RouterExplorer","level":"info","message":"Mapped {/api/countries/seed, POST} (version: 1) route","timestamp":"2026-04-20T22:12:39.057Z"}
{"context":"RoutesResolver","level":"info","message":"FaqController {/api/faq} (version: 1):","timestamp":"2026-04-20T22:12:39.057Z"}
{"context":"RouterExplorer","level":"info","message":"Mapped {/api/faq, GET} (version: 1) route","timestamp":"2026-04-20T22:12:39.057Z"}
{"context":"RouterExplorer","level":"info","message":"Mapped {/api/faq/admin, GET} (version: 1) route","timestamp":"2026-04-20T22:12:39.057Z"}
{"context":"RouterExplorer","level":"info","message":"Mapped {/api/faq, POST} (version: 1) route","timestamp":"2026-04-20T22:12:39.057Z"}
{"context":"RouterExplorer","level":"info","message":"Mapped {/api/faq/:id, PATCH} (version: 1) route","timestamp":"2026-04-20T22:12:39.057Z"}
{"context":"RouterExplorer","level":"info","message":"Mapped {/api/faq/:id/toggle-active, PATCH} (version: 1) route","timestamp":"2026-04-20T22:12:39.057Z"}
{"context":"RouterExplorer","level":"info","message":"Mapped {/api/faq/:id, DELETE} (version: 1) route","timestamp":"2026-04-20T22:12:39.057Z"}
{"context":"RoutesResolver","level":"info","message":"TestimonialsController {/api/testimonials} (version: 1):","timestamp":"2026-04-20T22:12:39.057Z"}
{"context":"RouterExplorer","level":"info","message":"Mapped {/api/testimonials, GET} (version: 1) route","timestamp":"2026-04-20T22:12:39.057Z"}
{"context":"RouterExplorer","level":"info","message":"Mapped {/api/testimonials/admin, GET} (version: 1) route","timestamp":"2026-04-20T22:12:39.057Z"}
{"context":"RouterExplorer","level":"info","message":"Mapped {/api/testimonials, POST} (version: 1) route","timestamp":"2026-04-20T22:12:39.057Z"}
{"context":"RouterExplorer","level":"info","message":"Mapped {/api/testimonials/:id, PATCH} (version: 1) route","timestamp":"2026-04-20T22:12:39.058Z"}
{"context":"RouterExplorer","level":"info","message":"Mapped {/api/testimonials/:id/toggle-visible, PATCH} (version: 1) route","timestamp":"2026-04-20T22:12:39.058Z"}
{"context":"RouterExplorer","level":"info","message":"Mapped {/api/testimonials/:id, DELETE} (version: 1) route","timestamp":"2026-04-20T22:12:39.058Z"}
{"context":"RoutesResolver","level":"info","message":"UploadController {/api/upload} (version: 1):","timestamp":"2026-04-20T22:12:39.058Z"}
{"context":"RouterExplorer","level":"info","message":"Mapped {/api/upload/images, POST} (version: 1) route","timestamp":"2026-04-20T22:12:39.058Z"}
{"context":"RouterExplorer","level":"info","message":"Mapped {/api/upload/videos, POST} (version: 1) route","timestamp":"2026-04-20T22:12:39.058Z"}
{"context":"RouterExplorer","level":"info","message":"Mapped {/api/upload/delete, POST} (version: 1) route","timestamp":"2026-04-20T22:12:39.058Z"}
{"context":"RoutesResolver","level":"info","message":"SeedController {/api/seed} (version: 1):","timestamp":"2026-04-20T22:12:39.058Z"}
{"context":"RouterExplorer","level":"info","message":"Mapped {/api/seed/run, POST} (version: 1) route","timestamp":"2026-04-20T22:12:39.058Z"}
{"context":"AuditLogsStartupHook","level":"info","message":"Audit list API: GET /api/v1/users/admin/audit-logs (admin JWT)","timestamp":"2026-04-20T22:12:39.058Z"}
{"context":"NestApplication","level":"info","message":"Nest application successfully started","timestamp":"2026-04-20T22:12:39.058Z"}
{"context":"Bootstrap","level":"info","message":"Khairat API running on port 3001","timestamp":"2026-04-20T22:12:39.059Z"}
{"context":"Bootstrap","level":"info","message":"Swagger docs: http://localhost:3001/api/docs","timestamp":"2026-04-20T22:12:39.059Z"}
{"context":"Bootstrap","level":"info","message":"Audit logs (admin): GET http://localhost:3001/api/v1/users/admin/audit-logs","timestamp":"2026-04-20T22:12:39.059Z"}
{"context":"NestFactory","level":"info","message":"Starting Nest application...","timestamp":"2026-04-20T22:14:18.407Z"}
{"context":"InstanceLoader","level":"info","message":"AppModule dependencies initialized","timestamp":"2026-04-20T22:14:18.408Z"}
{"context":"InstanceLoader","level":"info","message":"TypeOrmModule dependencies initialized","timestamp":"2026-04-20T22:14:18.409Z"}
{"context":"InstanceLoader","level":"info","message":"PassportModule dependencies initialized","timestamp":"2026-04-20T22:14:18.409Z"}
{"context":"InstanceLoader","level":"info","message":"ThrottlerModule dependencies initialized","timestamp":"2026-04-20T22:14:18.410Z"}
{"context":"InstanceLoader","level":"info","message":"ConfigHostModule dependencies initialized","timestamp":"2026-04-20T22:14:18.412Z"}
{"context":"InstanceLoader","level":"info","message":"WinstonModule dependencies initialized","timestamp":"2026-04-20T22:14:18.413Z"}
{"context":"InstanceLoader","level":"info","message":"ConfigModule dependencies initialized","timestamp":"2026-04-20T22:14:18.414Z"}
{"context":"InstanceLoader","level":"info","message":"ConfigModule dependencies initialized","timestamp":"2026-04-20T22:14:18.414Z"}
{"context":"InstanceLoader","level":"info","message":"JwtModule dependencies initialized","timestamp":"2026-04-20T22:14:18.415Z"}
{"context":"InstanceLoader","level":"info","message":"UploadModule dependencies initialized","timestamp":"2026-04-20T22:14:18.415Z"}
{"context":"InstanceLoader","level":"info","message":"TypeOrmCoreModule dependencies initialized","timestamp":"2026-04-20T22:14:18.417Z"}
{"context":"InstanceLoader","level":"info","message":"TypeOrmModule dependencies initialized","timestamp":"2026-04-20T22:14:18.417Z"}
{"context":"InstanceLoader","level":"info","message":"TypeOrmModule dependencies initialized","timestamp":"2026-04-20T22:14:18.418Z"}
{"context":"InstanceLoader","level":"info","message":"TypeOrmModule dependencies initialized","timestamp":"2026-04-20T22:14:18.419Z"}
{"context":"InstanceLoader","level":"info","message":"TypeOrmModule dependencies initialized","timestamp":"2026-04-20T22:14:18.419Z"}
{"context":"InstanceLoader","level":"info","message":"TypeOrmModule dependencies initialized","timestamp":"2026-04-20T22:14:18.420Z"}
{"context":"InstanceLoader","level":"info","message":"TypeOrmModule dependencies initialized","timestamp":"2026-04-20T22:14:18.420Z"}
{"context":"InstanceLoader","level":"info","message":"TypeOrmModule dependencies initialized","timestamp":"2026-04-20T22:14:18.420Z"}
{"context":"InstanceLoader","level":"info","message":"TypeOrmModule dependencies initialized","timestamp":"2026-04-20T22:14:18.421Z"}
{"context":"InstanceLoader","level":"info","message":"AuditLogsModule dependencies initialized","timestamp":"2026-04-20T22:14:18.421Z"}
{"context":"InstanceLoader","level":"info","message":"SeedModule dependencies initialized","timestamp":"2026-04-20T22:14:18.422Z"}
{"context":"InstanceLoader","level":"info","message":"CountriesModule dependencies initialized","timestamp":"2026-04-20T22:14:18.422Z"}
{"context":"InstanceLoader","level":"info","message":"FaqModule dependencies initialized","timestamp":"2026-04-20T22:14:18.423Z"}
{"context":"InstanceLoader","level":"info","message":"TestimonialsModule dependencies initialized","timestamp":"2026-04-20T22:14:18.423Z"}
{"context":"InstanceLoader","level":"info","message":"AuthModule dependencies initialized","timestamp":"2026-04-20T22:14:18.424Z"}
{"context":"InstanceLoader","level":"info","message":"ServicesModule dependencies initialized","timestamp":"2026-04-20T22:14:18.424Z"}
{"context":"InstanceLoader","level":"info","message":"OrdersModule dependencies initialized","timestamp":"2026-04-20T22:14:18.425Z"}
{"context":"InstanceLoader","level":"info","message":"PaymentsModule dependencies initialized","timestamp":"2026-04-20T22:14:18.425Z"}
{"context":"InstanceLoader","level":"info","message":"UsersModule dependencies initialized","timestamp":"2026-04-20T22:14:18.425Z"}
{"context":"RoutesResolver","level":"info","message":"AuthController {/api/auth} (version: 1):","timestamp":"2026-04-20T22:14:18.426Z"}
{"context":"RouterExplorer","level":"info","message":"Mapped {/api/auth/register, POST} (version: 1) route","timestamp":"2026-04-20T22:14:18.426Z"}
{"context":"RouterExplorer","level":"info","message":"Mapped {/api/auth/login, POST} (version: 1) route","timestamp":"2026-04-20T22:14:18.427Z"}
{"context":"RouterExplorer","level":"info","message":"Mapped {/api/auth/refresh, POST} (version: 1) route","timestamp":"2026-04-20T22:14:18.427Z"}
{"context":"RouterExplorer","level":"info","message":"Mapped {/api/auth/forgot-password, POST} (version: 1) route","timestamp":"2026-04-20T22:14:18.428Z"}
{"context":"RouterExplorer","level":"info","message":"Mapped {/api/auth/reset-password, POST} (version: 1) route","timestamp":"2026-04-20T22:14:18.428Z"}
{"context":"RoutesResolver","level":"info","message":"UsersController {/api/users} (version: 1):","timestamp":"2026-04-20T22:14:18.428Z"}
{"context":"RouterExplorer","level":"info","message":"Mapped {/api/users/me, GET} (version: 1) route","timestamp":"2026-04-20T22:14:18.430Z"}
{"context":"RouterExplorer","level":"info","message":"Mapped {/api/users/me, PATCH} (version: 1) route","timestamp":"2026-04-20T22:14:18.431Z"}
{"context":"RouterExplorer","level":"info","message":"Mapped {/api/users, POST} (version: 1) route","timestamp":"2026-04-20T22:14:18.432Z"}
{"context":"RouterExplorer","level":"info","message":"Mapped {/api/users/admin/audit-logs, GET} (version: 1) route","timestamp":"2026-04-20T22:14:18.433Z"}
{"context":"RouterExplorer","level":"info","message":"Mapped {/api/users, GET} (version: 1) route","timestamp":"2026-04-20T22:14:18.433Z"}
{"context":"RouterExplorer","level":"info","message":"Mapped {/api/users/:id, GET} (version: 1) route","timestamp":"2026-04-20T22:14:18.434Z"}
{"context":"RouterExplorer","level":"info","message":"Mapped {/api/users/:id, PATCH} (version: 1) route","timestamp":"2026-04-20T22:14:18.434Z"}
{"context":"RouterExplorer","level":"info","message":"Mapped {/api/users/:id, DELETE} (version: 1) route","timestamp":"2026-04-20T22:14:18.435Z"}
{"context":"RouterExplorer","level":"info","message":"Mapped {/api/users/:id/block, PATCH} (version: 1) route","timestamp":"2026-04-20T22:14:18.435Z"}
{"context":"RouterExplorer","level":"info","message":"Mapped {/api/users/:id/unblock, PATCH} (version: 1) route","timestamp":"2026-04-20T22:14:18.436Z"}
{"context":"RoutesResolver","level":"info","message":"ServicesController {/api/services} (version: 1):","timestamp":"2026-04-20T22:14:18.436Z"}
{"context":"RouterExplorer","level":"info","message":"Mapped {/api/services, GET} (version: 1) route","timestamp":"2026-04-20T22:14:18.437Z"}
{"context":"RouterExplorer","level":"info","message":"Mapped {/api/services/:id, GET} (version: 1) route","timestamp":"2026-04-20T22:14:18.438Z"}
{"context":"RouterExplorer","level":"info","message":"Mapped {/api/services, POST} (version: 1) route","timestamp":"2026-04-20T22:14:18.438Z"}
{"context":"RouterExplorer","level":"info","message":"Mapped {/api/services/:id, PATCH} (version: 1) route","timestamp":"2026-04-20T22:14:18.439Z"}
{"context":"RouterExplorer","level":"info","message":"Mapped {/api/services/:id, DELETE} (version: 1) route","timestamp":"2026-04-20T22:14:18.440Z"}
{"context":"RouterExplorer","level":"info","message":"Mapped {/api/services/:id/toggle-active, PATCH} (version: 1) route","timestamp":"2026-04-20T22:14:18.440Z"}
{"context":"RoutesResolver","level":"info","message":"OrdersController {/api/orders} (version: 1):","timestamp":"2026-04-20T22:14:18.441Z"}
{"context":"RouterExplorer","level":"info","message":"Mapped {/api/orders, POST} (version: 1) route","timestamp":"2026-04-20T22:14:18.441Z"}
{"context":"RouterExplorer","level":"info","message":"Mapped {/api/orders/me, GET} (version: 1) route","timestamp":"2026-04-20T22:14:18.442Z"}
{"context":"RouterExplorer","level":"info","message":"Mapped {/api/orders, GET} (version: 1) route","timestamp":"2026-04-20T22:14:18.442Z"}
{"context":"RouterExplorer","level":"info","message":"Mapped {/api/orders/:id, GET} (version: 1) route","timestamp":"2026-04-20T22:14:18.443Z"}
{"context":"RouterExplorer","level":"info","message":"Mapped {/api/orders/:id/status, PATCH} (version: 1) route","timestamp":"2026-04-20T22:14:18.443Z"}
{"context":"RoutesResolver","level":"info","message":"PaymentsController {/api/payments} (version: 1):","timestamp":"2026-04-20T22:14:18.444Z"}
{"context":"RouterExplorer","level":"info","message":"Mapped {/api/payments/initiate, POST} (version: 1) route","timestamp":"2026-04-20T22:14:18.444Z"}
{"context":"RouterExplorer","level":"info","message":"Mapped {/api/payments/webhook, POST} (version: 1) route","timestamp":"2026-04-20T22:14:18.445Z"}
{"context":"RouterExplorer","level":"info","message":"Mapped {/api/payments/:id, GET} (version: 1) route","timestamp":"2026-04-20T22:14:18.445Z"}
{"context":"RoutesResolver","level":"info","message":"CountriesController {/api/countries} (version: 1):","timestamp":"2026-04-20T22:14:18.446Z"}
{"context":"RouterExplorer","level":"info","message":"Mapped {/api/countries, GET} (version: 1) route","timestamp":"2026-04-20T22:14:18.446Z"}
{"context":"RouterExplorer","level":"info","message":"Mapped {/api/countries/seed, POST} (version: 1) route","timestamp":"2026-04-20T22:14:18.447Z"}
{"context":"RoutesResolver","level":"info","message":"FaqController {/api/faq} (version: 1):","timestamp":"2026-04-20T22:14:18.448Z"}
{"context":"RouterExplorer","level":"info","message":"Mapped {/api/faq, GET} (version: 1) route","timestamp":"2026-04-20T22:14:18.448Z"}
{"context":"RouterExplorer","level":"info","message":"Mapped {/api/faq/admin, GET} (version: 1) route","timestamp":"2026-04-20T22:14:18.449Z"}
{"context":"RouterExplorer","level":"info","message":"Mapped {/api/faq, POST} (version: 1) route","timestamp":"2026-04-20T22:14:18.450Z"}
{"context":"RouterExplorer","level":"info","message":"Mapped {/api/faq/:id, PATCH} (version: 1) route","timestamp":"2026-04-20T22:14:18.451Z"}
{"context":"RouterExplorer","level":"info","message":"Mapped {/api/faq/:id/toggle-active, PATCH} (version: 1) route","timestamp":"2026-04-20T22:14:18.451Z"}
{"context":"RouterExplorer","level":"info","message":"Mapped {/api/faq/:id, DELETE} (version: 1) route","timestamp":"2026-04-20T22:14:18.452Z"}
{"context":"RoutesResolver","level":"info","message":"TestimonialsController {/api/testimonials} (version: 1):","timestamp":"2026-04-20T22:14:18.452Z"}
{"context":"RouterExplorer","level":"info","message":"Mapped {/api/testimonials, GET} (version: 1) route","timestamp":"2026-04-20T22:14:18.453Z"}
{"context":"RouterExplorer","level":"info","message":"Mapped {/api/testimonials/admin, GET} (version: 1) route","timestamp":"2026-04-20T22:14:18.453Z"}
{"context":"RouterExplorer","level":"info","message":"Mapped {/api/testimonials, POST} (version: 1) route","timestamp":"2026-04-20T22:14:18.454Z"}
{"context":"RouterExplorer","level":"info","message":"Mapped {/api/testimonials/:id, PATCH} (version: 1) route","timestamp":"2026-04-20T22:14:18.454Z"}
{"context":"RouterExplorer","level":"info","message":"Mapped {/api/testimonials/:id/toggle-visible, PATCH} (version: 1) route","timestamp":"2026-04-20T22:14:18.454Z"}
{"context":"RouterExplorer","level":"info","message":"Mapped {/api/testimonials/:id, DELETE} (version: 1) route","timestamp":"2026-04-20T22:14:18.455Z"}
{"context":"RoutesResolver","level":"info","message":"UploadController {/api/upload} (version: 1):","timestamp":"2026-04-20T22:14:18.455Z"}
{"context":"RouterExplorer","level":"info","message":"Mapped {/api/upload/images, POST} (version: 1) route","timestamp":"2026-04-20T22:14:18.456Z"}
{"context":"RouterExplorer","level":"info","message":"Mapped {/api/upload/videos, POST} (version: 1) route","timestamp":"2026-04-20T22:14:18.456Z"}
{"context":"RouterExplorer","level":"info","message":"Mapped {/api/upload/delete, POST} (version: 1) route","timestamp":"2026-04-20T22:14:18.456Z"}
{"context":"RoutesResolver","level":"info","message":"SeedController {/api/seed} (version: 1):","timestamp":"2026-04-20T22:14:18.457Z"}
{"context":"RouterExplorer","level":"info","message":"Mapped {/api/seed/run, POST} (version: 1) route","timestamp":"2026-04-20T22:14:18.457Z"}
{"context":"AuditLogsStartupHook","level":"info","message":"Audit list API: GET /api/v1/users/admin/audit-logs (admin JWT)","timestamp":"2026-04-20T22:14:18.458Z"}
{"context":"NestApplication","level":"info","message":"Nest application successfully started","timestamp":"2026-04-20T22:14:18.458Z"}
{"context":"Bootstrap","level":"info","message":"Khairat API running on port 3001","timestamp":"2026-04-20T22:14:18.459Z"}
{"context":"Bootstrap","level":"info","message":"Swagger docs: http://localhost:3001/api/docs","timestamp":"2026-04-20T22:14:18.460Z"}
{"context":"Bootstrap","level":"info","message":"Audit logs (admin): GET http://localhost:3001/api/v1/users/admin/audit-logs","timestamp":"2026-04-20T22:14:18.461Z"}
{"context":"NestFactory","level":"info","message":"Starting Nest application...","timestamp":"2026-04-20T22:24:34.819Z"}
{"context":"InstanceLoader","level":"info","message":"AppModule dependencies initialized","timestamp":"2026-04-20T22:24:34.820Z"}
{"context":"InstanceLoader","level":"info","message":"TypeOrmModule dependencies initialized","timestamp":"2026-04-20T22:24:34.822Z"}
{"context":"InstanceLoader","level":"info","message":"PassportModule dependencies initialized","timestamp":"2026-04-20T22:24:34.823Z"}
{"context":"InstanceLoader","level":"info","message":"ThrottlerModule dependencies initialized","timestamp":"2026-04-20T22:24:34.823Z"}
{"context":"InstanceLoader","level":"info","message":"ConfigHostModule dependencies initialized","timestamp":"2026-04-20T22:24:34.824Z"}
{"context":"InstanceLoader","level":"info","message":"WinstonModule dependencies initialized","timestamp":"2026-04-20T22:24:34.825Z"}
{"context":"InstanceLoader","level":"info","message":"ConfigModule dependencies initialized","timestamp":"2026-04-20T22:24:34.826Z"}
{"context":"InstanceLoader","level":"info","message":"ConfigModule dependencies initialized","timestamp":"2026-04-20T22:24:34.826Z"}
{"context":"InstanceLoader","level":"info","message":"JwtModule dependencies initialized","timestamp":"2026-04-20T22:24:34.827Z"}
{"context":"InstanceLoader","level":"info","message":"UploadModule dependencies initialized","timestamp":"2026-04-20T22:24:34.827Z"}
{"context":"InstanceLoader","level":"info","message":"TypeOrmCoreModule dependencies initialized","timestamp":"2026-04-20T22:24:34.828Z"}
{"context":"InstanceLoader","level":"info","message":"TypeOrmModule dependencies initialized","timestamp":"2026-04-20T22:24:34.830Z"}
{"context":"InstanceLoader","level":"info","message":"TypeOrmModule dependencies initialized","timestamp":"2026-04-20T22:24:34.830Z"}
{"context":"InstanceLoader","level":"info","message":"TypeOrmModule dependencies initialized","timestamp":"2026-04-20T22:24:34.831Z"}
{"context":"InstanceLoader","level":"info","message":"TypeOrmModule dependencies initialized","timestamp":"2026-04-20T22:24:34.832Z"}
{"context":"InstanceLoader","level":"info","message":"TypeOrmModule dependencies initialized","timestamp":"2026-04-20T22:24:34.832Z"}
{"context":"InstanceLoader","level":"info","message":"TypeOrmModule dependencies initialized","timestamp":"2026-04-20T22:24:34.833Z"}
{"context":"InstanceLoader","level":"info","message":"TypeOrmModule dependencies initialized","timestamp":"2026-04-20T22:24:34.833Z"}
{"context":"InstanceLoader","level":"info","message":"TypeOrmModule dependencies initialized","timestamp":"2026-04-20T22:24:34.834Z"}
{"context":"InstanceLoader","level":"info","message":"AuditLogsModule dependencies initialized","timestamp":"2026-04-20T22:24:34.834Z"}
{"context":"InstanceLoader","level":"info","message":"SeedModule dependencies initialized","timestamp":"2026-04-20T22:24:34.835Z"}
{"context":"InstanceLoader","level":"info","message":"CountriesModule dependencies initialized","timestamp":"2026-04-20T22:24:34.835Z"}
{"context":"InstanceLoader","level":"info","message":"FaqModule dependencies initialized","timestamp":"2026-04-20T22:24:34.836Z"}
{"context":"InstanceLoader","level":"info","message":"TestimonialsModule dependencies initialized","timestamp":"2026-04-20T22:24:34.836Z"}
{"context":"InstanceLoader","level":"info","message":"AuthModule dependencies initialized","timestamp":"2026-04-20T22:24:34.836Z"}
{"context":"InstanceLoader","level":"info","message":"ServicesModule dependencies initialized","timestamp":"2026-04-20T22:24:34.837Z"}
{"context":"InstanceLoader","level":"info","message":"OrdersModule dependencies initialized","timestamp":"2026-04-20T22:24:34.837Z"}
{"context":"InstanceLoader","level":"info","message":"PaymentsModule dependencies initialized","timestamp":"2026-04-20T22:24:34.838Z"}
{"context":"InstanceLoader","level":"info","message":"UsersModule dependencies initialized","timestamp":"2026-04-20T22:24:34.838Z"}
{"context":"RoutesResolver","level":"info","message":"AuthController {/api/auth} (version: 1):","timestamp":"2026-04-20T22:24:34.839Z"}
{"context":"RouterExplorer","level":"info","message":"Mapped {/api/auth/register, POST} (version: 1) route","timestamp":"2026-04-20T22:24:34.839Z"}
{"context":"RouterExplorer","level":"info","message":"Mapped {/api/auth/login, POST} (version: 1) route","timestamp":"2026-04-20T22:24:34.840Z"}
{"context":"RouterExplorer","level":"info","message":"Mapped {/api/auth/refresh, POST} (version: 1) route","timestamp":"2026-04-20T22:24:34.840Z"}
{"context":"RouterExplorer","level":"info","message":"Mapped {/api/auth/forgot-password, POST} (version: 1) route","timestamp":"2026-04-20T22:24:34.841Z"}
{"context":"RouterExplorer","level":"info","message":"Mapped {/api/auth/reset-password, POST} (version: 1) route","timestamp":"2026-04-20T22:24:34.841Z"}
{"context":"RoutesResolver","level":"info","message":"UsersController {/api/users} (version: 1):","timestamp":"2026-04-20T22:24:34.841Z"}
{"context":"RouterExplorer","level":"info","message":"Mapped {/api/users/me, GET} (version: 1) route","timestamp":"2026-04-20T22:24:34.842Z"}
{"context":"RouterExplorer","level":"info","message":"Mapped {/api/users/me, PATCH} (version: 1) route","timestamp":"2026-04-20T22:24:34.842Z"}
{"context":"RouterExplorer","level":"info","message":"Mapped {/api/users, POST} (version: 1) route","timestamp":"2026-04-20T22:24:34.843Z"}
{"context":"RouterExplorer","level":"info","message":"Mapped {/api/users/admin/audit-logs, GET} (version: 1) route","timestamp":"2026-04-20T22:24:34.843Z"}
{"context":"RouterExplorer","level":"info","message":"Mapped {/api/users, GET} (version: 1) route","timestamp":"2026-04-20T22:24:34.844Z"}
{"context":"RouterExplorer","level":"info","message":"Mapped {/api/users/:id, GET} (version: 1) route","timestamp":"2026-04-20T22:24:34.844Z"}
{"context":"RouterExplorer","level":"info","message":"Mapped {/api/users/:id, PATCH} (version: 1) route","timestamp":"2026-04-20T22:24:34.845Z"}
{"context":"RouterExplorer","level":"info","message":"Mapped {/api/users/:id, DELETE} (version: 1) route","timestamp":"2026-04-20T22:24:34.845Z"}
{"context":"RouterExplorer","level":"info","message":"Mapped {/api/users/:id/block, PATCH} (version: 1) route","timestamp":"2026-04-20T22:24:34.846Z"}
{"context":"RouterExplorer","level":"info","message":"Mapped {/api/users/:id/unblock, PATCH} (version: 1) route","timestamp":"2026-04-20T22:24:34.849Z"}
{"context":"RoutesResolver","level":"info","message":"ServicesController {/api/services} (version: 1):","timestamp":"2026-04-20T22:24:34.850Z"}
{"context":"RouterExplorer","level":"info","message":"Mapped {/api/services, GET} (version: 1) route","timestamp":"2026-04-20T22:24:34.850Z"}
{"context":"RouterExplorer","level":"info","message":"Mapped {/api/services/:id, GET} (version: 1) route","timestamp":"2026-04-20T22:24:34.851Z"}
{"context":"RouterExplorer","level":"info","message":"Mapped {/api/services, POST} (version: 1) route","timestamp":"2026-04-20T22:24:34.851Z"}
{"context":"RouterExplorer","level":"info","message":"Mapped {/api/services/:id, PATCH} (version: 1) route","timestamp":"2026-04-20T22:24:34.851Z"}
{"context":"RouterExplorer","level":"info","message":"Mapped {/api/services/:id, DELETE} (version: 1) route","timestamp":"2026-04-20T22:24:34.852Z"}
{"context":"RouterExplorer","level":"info","message":"Mapped {/api/services/:id/toggle-active, PATCH} (version: 1) route","timestamp":"2026-04-20T22:24:34.852Z"}
{"context":"RoutesResolver","level":"info","message":"OrdersController {/api/orders} (version: 1):","timestamp":"2026-04-20T22:24:34.853Z"}
{"context":"RouterExplorer","level":"info","message":"Mapped {/api/orders, POST} (version: 1) route","timestamp":"2026-04-20T22:24:34.853Z"}
{"context":"RouterExplorer","level":"info","message":"Mapped {/api/orders/me, GET} (version: 1) route","timestamp":"2026-04-20T22:24:34.854Z"}
{"context":"RouterExplorer","level":"info","message":"Mapped {/api/orders, GET} (version: 1) route","timestamp":"2026-04-20T22:24:34.854Z"}
{"context":"RouterExplorer","level":"info","message":"Mapped {/api/orders/:id, GET} (version: 1) route","timestamp":"2026-04-20T22:24:34.854Z"}
{"context":"RouterExplorer","level":"info","message":"Mapped {/api/orders/:id/status, PATCH} (version: 1) route","timestamp":"2026-04-20T22:24:34.855Z"}
{"context":"RoutesResolver","level":"info","message":"PaymentsController {/api/payments} (version: 1):","timestamp":"2026-04-20T22:24:34.855Z"}
{"context":"RouterExplorer","level":"info","message":"Mapped {/api/payments/initiate, POST} (version: 1) route","timestamp":"2026-04-20T22:24:34.856Z"}
{"context":"RouterExplorer","level":"info","message":"Mapped {/api/payments/webhook, POST} (version: 1) route","timestamp":"2026-04-20T22:24:34.856Z"}
{"context":"RouterExplorer","level":"info","message":"Mapped {/api/payments/:id, GET} (version: 1) route","timestamp":"2026-04-20T22:24:34.856Z"}
{"context":"RoutesResolver","level":"info","message":"CountriesController {/api/countries} (version: 1):","timestamp":"2026-04-20T22:24:34.857Z"}
{"context":"RouterExplorer","level":"info","message":"Mapped {/api/countries, GET} (version: 1) route","timestamp":"2026-04-20T22:24:34.857Z"}
{"context":"RouterExplorer","level":"info","message":"Mapped {/api/countries/seed, POST} (version: 1) route","timestamp":"2026-04-20T22:24:34.858Z"}
{"context":"RoutesResolver","level":"info","message":"FaqController {/api/faq} (version: 1):","timestamp":"2026-04-20T22:24:34.858Z"}
{"context":"RouterExplorer","level":"info","message":"Mapped {/api/faq, GET} (version: 1) route","timestamp":"2026-04-20T22:24:34.859Z"}
{"context":"RouterExplorer","level":"info","message":"Mapped {/api/faq/admin, GET} (version: 1) route","timestamp":"2026-04-20T22:24:34.859Z"}
{"context":"RouterExplorer","level":"info","message":"Mapped {/api/faq, POST} (version: 1) route","timestamp":"2026-04-20T22:24:34.860Z"}
{"context":"RouterExplorer","level":"info","message":"Mapped {/api/faq/:id, PATCH} (version: 1) route","timestamp":"2026-04-20T22:24:34.860Z"}
{"context":"RouterExplorer","level":"info","message":"Mapped {/api/faq/:id/toggle-active, PATCH} (version: 1) route","timestamp":"2026-04-20T22:24:34.861Z"}
{"context":"RouterExplorer","level":"info","message":"Mapped {/api/faq/:id, DELETE} (version: 1) route","timestamp":"2026-04-20T22:24:34.862Z"}
{"context":"RoutesResolver","level":"info","message":"TestimonialsController {/api/testimonials} (version: 1):","timestamp":"2026-04-20T22:24:34.863Z"}
{"context":"RouterExplorer","level":"info","message":"Mapped {/api/testimonials, GET} (version: 1) route","timestamp":"2026-04-20T22:24:34.864Z"}
{"context":"RouterExplorer","level":"info","message":"Mapped {/api/testimonials/admin, GET} (version: 1) route","timestamp":"2026-04-20T22:24:34.865Z"}
{"context":"RouterExplorer","level":"info","message":"Mapped {/api/testimonials, POST} (version: 1) route","timestamp":"2026-04-20T22:24:34.865Z"}
{"context":"RouterExplorer","level":"info","message":"Mapped {/api/testimonials/:id, PATCH} (version: 1) route","timestamp":"2026-04-20T22:24:34.866Z"}
{"context":"RouterExplorer","level":"info","message":"Mapped {/api/testimonials/:id/toggle-visible, PATCH} (version: 1) route","timestamp":"2026-04-20T22:24:34.866Z"}
{"context":"RouterExplorer","level":"info","message":"Mapped {/api/testimonials/:id, DELETE} (version: 1) route","timestamp":"2026-04-20T22:24:34.867Z"}
{"context":"RoutesResolver","level":"info","message":"UploadController {/api/upload} (version: 1):","timestamp":"2026-04-20T22:24:34.867Z"}
{"context":"RouterExplorer","level":"info","message":"Mapped {/api/upload/images, POST} (version: 1) route","timestamp":"2026-04-20T22:24:34.868Z"}
{"context":"RouterExplorer","level":"info","message":"Mapped {/api/upload/videos, POST} (version: 1) route","timestamp":"2026-04-20T22:24:34.869Z"}
{"context":"RouterExplorer","level":"info","message":"Mapped {/api/upload/delete, POST} (version: 1) route","timestamp":"2026-04-20T22:24:34.869Z"}
{"context":"RoutesResolver","level":"info","message":"SeedController {/api/seed} (version: 1):","timestamp":"2026-04-20T22:24:34.870Z"}
{"context":"RouterExplorer","level":"info","message":"Mapped {/api/seed/run, POST} (version: 1) route","timestamp":"2026-04-20T22:24:34.870Z"}
{"context":"AuditLogsStartupHook","level":"info","message":"Audit list API: GET /api/v1/users/admin/audit-logs (admin JWT)","timestamp":"2026-04-20T22:24:34.871Z"}
{"context":"NestApplication","level":"info","message":"Nest application successfully started","timestamp":"2026-04-20T22:24:34.871Z"}
{"context":"Bootstrap","level":"info","message":"Khairat API running on port 3001","timestamp":"2026-04-20T22:24:34.872Z"}
{"context":"Bootstrap","level":"info","message":"Swagger docs: http://localhost:3001/api/docs","timestamp":"2026-04-20T22:24:34.873Z"}
{"context":"Bootstrap","level":"info","message":"Audit logs (admin): GET http://localhost:3001/api/v1/users/admin/audit-logs","timestamp":"2026-04-20T22:24:34.873Z"}
{"context":"NestFactory","level":"info","message":"Starting Nest application...","timestamp":"2026-04-20T22:28:31.191Z"}
{"context":"InstanceLoader","level":"info","message":"AppModule dependencies initialized","timestamp":"2026-04-20T22:28:31.192Z"}
{"context":"InstanceLoader","level":"info","message":"TypeOrmModule dependencies initialized","timestamp":"2026-04-20T22:28:31.193Z"}
{"context":"InstanceLoader","level":"info","message":"PassportModule dependencies initialized","timestamp":"2026-04-20T22:28:31.194Z"}
{"context":"InstanceLoader","level":"info","message":"ThrottlerModule dependencies initialized","timestamp":"2026-04-20T22:28:31.194Z"}
{"context":"InstanceLoader","level":"info","message":"ConfigHostModule dependencies initialized","timestamp":"2026-04-20T22:28:31.196Z"}
{"context":"InstanceLoader","level":"info","message":"WinstonModule dependencies initialized","timestamp":"2026-04-20T22:28:31.197Z"}
{"context":"InstanceLoader","level":"info","message":"ConfigModule dependencies initialized","timestamp":"2026-04-20T22:28:31.198Z"}
{"context":"InstanceLoader","level":"info","message":"ConfigModule dependencies initialized","timestamp":"2026-04-20T22:28:31.198Z"}
{"context":"InstanceLoader","level":"info","message":"JwtModule dependencies initialized","timestamp":"2026-04-20T22:28:31.199Z"}
{"context":"InstanceLoader","level":"info","message":"UploadModule dependencies initialized","timestamp":"2026-04-20T22:28:31.199Z"}
{"context":"InstanceLoader","level":"info","message":"TypeOrmCoreModule dependencies initialized","timestamp":"2026-04-20T22:28:31.200Z"}
{"context":"InstanceLoader","level":"info","message":"TypeOrmModule dependencies initialized","timestamp":"2026-04-20T22:28:31.200Z"}
{"context":"InstanceLoader","level":"info","message":"TypeOrmModule dependencies initialized","timestamp":"2026-04-20T22:28:31.201Z"}
{"context":"InstanceLoader","level":"info","message":"TypeOrmModule dependencies initialized","timestamp":"2026-04-20T22:28:31.202Z"}
{"context":"InstanceLoader","level":"info","message":"TypeOrmModule dependencies initialized","timestamp":"2026-04-20T22:28:31.203Z"}
{"context":"InstanceLoader","level":"info","message":"TypeOrmModule dependencies initialized","timestamp":"2026-04-20T22:28:31.204Z"}
{"context":"InstanceLoader","level":"info","message":"TypeOrmModule dependencies initialized","timestamp":"2026-04-20T22:28:31.204Z"}
{"context":"InstanceLoader","level":"info","message":"TypeOrmModule dependencies initialized","timestamp":"2026-04-20T22:28:31.205Z"}
{"context":"InstanceLoader","level":"info","message":"TypeOrmModule dependencies initialized","timestamp":"2026-04-20T22:28:31.205Z"}
{"context":"InstanceLoader","level":"info","message":"AuditLogsModule dependencies initialized","timestamp":"2026-04-20T22:28:31.206Z"}
{"context":"InstanceLoader","level":"info","message":"SeedModule dependencies initialized","timestamp":"2026-04-20T22:28:31.206Z"}
{"context":"InstanceLoader","level":"info","message":"CountriesModule dependencies initialized","timestamp":"2026-04-20T22:28:31.207Z"}
{"context":"InstanceLoader","level":"info","message":"FaqModule dependencies initialized","timestamp":"2026-04-20T22:28:31.208Z"}
{"context":"InstanceLoader","level":"info","message":"TestimonialsModule dependencies initialized","timestamp":"2026-04-20T22:28:31.209Z"}
{"context":"InstanceLoader","level":"info","message":"AuthModule dependencies initialized","timestamp":"2026-04-20T22:28:31.209Z"}
{"context":"InstanceLoader","level":"info","message":"ServicesModule dependencies initialized","timestamp":"2026-04-20T22:28:31.210Z"}
{"context":"InstanceLoader","level":"info","message":"OrdersModule dependencies initialized","timestamp":"2026-04-20T22:28:31.211Z"}
{"context":"InstanceLoader","level":"info","message":"PaymentsModule dependencies initialized","timestamp":"2026-04-20T22:28:31.212Z"}
{"context":"InstanceLoader","level":"info","message":"UsersModule dependencies initialized","timestamp":"2026-04-20T22:28:31.213Z"}
{"context":"RoutesResolver","level":"info","message":"AuthController {/api/auth} (version: 1):","timestamp":"2026-04-20T22:28:31.213Z"}
{"context":"RouterExplorer","level":"info","message":"Mapped {/api/auth/register, POST} (version: 1) route","timestamp":"2026-04-20T22:28:31.214Z"}
{"context":"RouterExplorer","level":"info","message":"Mapped {/api/auth/login, POST} (version: 1) route","timestamp":"2026-04-20T22:28:31.214Z"}
{"context":"RouterExplorer","level":"info","message":"Mapped {/api/auth/refresh, POST} (version: 1) route","timestamp":"2026-04-20T22:28:31.215Z"}
{"context":"RouterExplorer","level":"info","message":"Mapped {/api/auth/forgot-password, POST} (version: 1) route","timestamp":"2026-04-20T22:28:31.215Z"}
{"context":"RouterExplorer","level":"info","message":"Mapped {/api/auth/reset-password, POST} (version: 1) route","timestamp":"2026-04-20T22:28:31.215Z"}
{"context":"RoutesResolver","level":"info","message":"UsersController {/api/users} (version: 1):","timestamp":"2026-04-20T22:28:31.216Z"}
{"context":"RouterExplorer","level":"info","message":"Mapped {/api/users/me, GET} (version: 1) route","timestamp":"2026-04-20T22:28:31.216Z"}
{"context":"RouterExplorer","level":"info","message":"Mapped {/api/users/me, PATCH} (version: 1) route","timestamp":"2026-04-20T22:28:31.217Z"}
{"context":"RouterExplorer","level":"info","message":"Mapped {/api/users, POST} (version: 1) route","timestamp":"2026-04-20T22:28:31.217Z"}
{"context":"RouterExplorer","level":"info","message":"Mapped {/api/users/admin/audit-logs, GET} (version: 1) route","timestamp":"2026-04-20T22:28:31.217Z"}
{"context":"RouterExplorer","level":"info","message":"Mapped {/api/users, GET} (version: 1) route","timestamp":"2026-04-20T22:28:31.218Z"}
{"context":"RouterExplorer","level":"info","message":"Mapped {/api/users/:id, GET} (version: 1) route","timestamp":"2026-04-20T22:28:31.218Z"}
{"context":"RouterExplorer","level":"info","message":"Mapped {/api/users/:id, PATCH} (version: 1) route","timestamp":"2026-04-20T22:28:31.219Z"}
{"context":"RouterExplorer","level":"info","message":"Mapped {/api/users/:id, DELETE} (version: 1) route","timestamp":"2026-04-20T22:28:31.219Z"}
{"context":"RouterExplorer","level":"info","message":"Mapped {/api/users/:id/block, PATCH} (version: 1) route","timestamp":"2026-04-20T22:28:31.219Z"}
{"context":"RouterExplorer","level":"info","message":"Mapped {/api/users/:id/unblock, PATCH} (version: 1) route","timestamp":"2026-04-20T22:28:31.220Z"}
{"context":"RoutesResolver","level":"info","message":"ServicesController {/api/services} (version: 1):","timestamp":"2026-04-20T22:28:31.220Z"}
{"context":"RouterExplorer","level":"info","message":"Mapped {/api/services, GET} (version: 1) route","timestamp":"2026-04-20T22:28:31.221Z"}
{"context":"RouterExplorer","level":"info","message":"Mapped {/api/services/:id, GET} (version: 1) route","timestamp":"2026-04-20T22:28:31.221Z"}
{"context":"RouterExplorer","level":"info","message":"Mapped {/api/services, POST} (version: 1) route","timestamp":"2026-04-20T22:28:31.222Z"}
{"context":"RouterExplorer","level":"info","message":"Mapped {/api/services/:id, PATCH} (version: 1) route","timestamp":"2026-04-20T22:28:31.222Z"}
{"context":"RouterExplorer","level":"info","message":"Mapped {/api/services/:id, DELETE} (version: 1) route","timestamp":"2026-04-20T22:28:31.223Z"}
{"context":"RouterExplorer","level":"info","message":"Mapped {/api/services/:id/toggle-active, PATCH} (version: 1) route","timestamp":"2026-04-20T22:28:31.223Z"}
{"context":"RoutesResolver","level":"info","message":"OrdersController {/api/orders} (version: 1):","timestamp":"2026-04-20T22:28:31.224Z"}
{"context":"RouterExplorer","level":"info","message":"Mapped {/api/orders, POST} (version: 1) route","timestamp":"2026-04-20T22:28:31.226Z"}
{"context":"RouterExplorer","level":"info","message":"Mapped {/api/orders/me, GET} (version: 1) route","timestamp":"2026-04-20T22:28:31.229Z"}
{"context":"RouterExplorer","level":"info","message":"Mapped {/api/orders, GET} (version: 1) route","timestamp":"2026-04-20T22:28:31.229Z"}
{"context":"RouterExplorer","level":"info","message":"Mapped {/api/orders/:id, GET} (version: 1) route","timestamp":"2026-04-20T22:28:31.230Z"}
{"context":"RouterExplorer","level":"info","message":"Mapped {/api/orders/:id/status, PATCH} (version: 1) route","timestamp":"2026-04-20T22:28:31.231Z"}
{"context":"RoutesResolver","level":"info","message":"PaymentsController {/api/payments} (version: 1):","timestamp":"2026-04-20T22:28:31.231Z"}
{"context":"RouterExplorer","level":"info","message":"Mapped {/api/payments/initiate, POST} (version: 1) route","timestamp":"2026-04-20T22:28:31.231Z"}
{"context":"RouterExplorer","level":"info","message":"Mapped {/api/payments/webhook, POST} (version: 1) route","timestamp":"2026-04-20T22:28:31.232Z"}
{"context":"RouterExplorer","level":"info","message":"Mapped {/api/payments/:id, GET} (version: 1) route","timestamp":"2026-04-20T22:28:31.233Z"}
{"context":"RoutesResolver","level":"info","message":"CountriesController {/api/countries} (version: 1):","timestamp":"2026-04-20T22:28:31.233Z"}
{"context":"RouterExplorer","level":"info","message":"Mapped {/api/countries, GET} (version: 1) route","timestamp":"2026-04-20T22:28:31.234Z"}
{"context":"RouterExplorer","level":"info","message":"Mapped {/api/countries/seed, POST} (version: 1) route","timestamp":"2026-04-20T22:28:31.234Z"}
{"context":"RoutesResolver","level":"info","message":"FaqController {/api/faq} (version: 1):","timestamp":"2026-04-20T22:28:31.235Z"}
{"context":"RouterExplorer","level":"info","message":"Mapped {/api/faq, GET} (version: 1) route","timestamp":"2026-04-20T22:28:31.235Z"}
{"context":"RouterExplorer","level":"info","message":"Mapped {/api/faq/admin, GET} (version: 1) route","timestamp":"2026-04-20T22:28:31.236Z"}
{"context":"RouterExplorer","level":"info","message":"Mapped {/api/faq, POST} (version: 1) route","timestamp":"2026-04-20T22:28:31.236Z"}
{"context":"RouterExplorer","level":"info","message":"Mapped {/api/faq/:id, PATCH} (version: 1) route","timestamp":"2026-04-20T22:28:31.237Z"}
{"context":"RouterExplorer","level":"info","message":"Mapped {/api/faq/:id/toggle-active, PATCH} (version: 1) route","timestamp":"2026-04-20T22:28:31.237Z"}
{"context":"RouterExplorer","level":"info","message":"Mapped {/api/faq/:id, DELETE} (version: 1) route","timestamp":"2026-04-20T22:28:31.238Z"}
{"context":"RoutesResolver","level":"info","message":"TestimonialsController {/api/testimonials} (version: 1):","timestamp":"2026-04-20T22:28:31.238Z"}
{"context":"RouterExplorer","level":"info","message":"Mapped {/api/testimonials, GET} (version: 1) route","timestamp":"2026-04-20T22:28:31.239Z"}
{"context":"RouterExplorer","level":"info","message":"Mapped {/api/testimonials/admin, GET} (version: 1) route","timestamp":"2026-04-20T22:28:31.239Z"}
{"context":"RouterExplorer","level":"info","message":"Mapped {/api/testimonials, POST} (version: 1) route","timestamp":"2026-04-20T22:28:31.239Z"}
{"context":"RouterExplorer","level":"info","message":"Mapped {/api/testimonials/:id, PATCH} (version: 1) route","timestamp":"2026-04-20T22:28:31.240Z"}
{"context":"RouterExplorer","level":"info","message":"Mapped {/api/testimonials/:id/toggle-visible, PATCH} (version: 1) route","timestamp":"2026-04-20T22:28:31.240Z"}
{"context":"RouterExplorer","level":"info","message":"Mapped {/api/testimonials/:id, DELETE} (version: 1) route","timestamp":"2026-04-20T22:28:31.240Z"}
{"context":"RoutesResolver","level":"info","message":"UploadController {/api/upload} (version: 1):","timestamp":"2026-04-20T22:28:31.241Z"}
{"context":"RouterExplorer","level":"info","message":"Mapped {/api/upload/images, POST} (version: 1) route","timestamp":"2026-04-20T22:28:31.241Z"}
{"context":"RouterExplorer","level":"info","message":"Mapped {/api/upload/videos, POST} (version: 1) route","timestamp":"2026-04-20T22:28:31.242Z"}
{"context":"RouterExplorer","level":"info","message":"Mapped {/api/upload/delete, POST} (version: 1) route","timestamp":"2026-04-20T22:28:31.242Z"}
{"context":"RoutesResolver","level":"info","message":"SeedController {/api/seed} (version: 1):","timestamp":"2026-04-20T22:28:31.243Z"}
{"context":"RouterExplorer","level":"info","message":"Mapped {/api/seed/run, POST} (version: 1) route","timestamp":"2026-04-20T22:28:31.243Z"}
{"context":"AuditLogsStartupHook","level":"info","message":"Audit list API: GET /api/v1/users/admin/audit-logs (admin JWT)","timestamp":"2026-04-20T22:28:31.244Z"}
{"context":"NestApplication","level":"info","message":"Nest application successfully started","timestamp":"2026-04-20T22:28:31.244Z"}
{"context":"Bootstrap","level":"info","message":"Khairat API running on port 3001","timestamp":"2026-04-20T22:28:31.246Z"}
{"context":"Bootstrap","level":"info","message":"Swagger docs: http://localhost:3001/api/docs","timestamp":"2026-04-20T22:28:31.247Z"}
{"context":"Bootstrap","level":"info","message":"Audit logs (admin): GET http://localhost:3001/api/v1/users/admin/audit-logs","timestamp":"2026-04-20T22:28:31.247Z"}
{"context":"NestFactory","level":"info","message":"Starting Nest application...","timestamp":"2026-04-20T22:28:33.508Z"}
{"context":"InstanceLoader","level":"info","message":"AppModule dependencies initialized","timestamp":"2026-04-20T22:28:33.510Z"}
{"context":"InstanceLoader","level":"info","message":"TypeOrmModule dependencies initialized","timestamp":"2026-04-20T22:28:33.511Z"}
{"context":"InstanceLoader","level":"info","message":"PassportModule dependencies initialized","timestamp":"2026-04-20T22:28:33.511Z"}
{"context":"InstanceLoader","level":"info","message":"ThrottlerModule dependencies initialized","timestamp":"2026-04-20T22:28:33.512Z"}
{"context":"InstanceLoader","level":"info","message":"ConfigHostModule dependencies initialized","timestamp":"2026-04-20T22:28:33.513Z"}
{"context":"InstanceLoader","level":"info","message":"WinstonModule dependencies initialized","timestamp":"2026-04-20T22:28:33.514Z"}
{"context":"InstanceLoader","level":"info","message":"ConfigModule dependencies initialized","timestamp":"2026-04-20T22:28:33.515Z"}
{"context":"InstanceLoader","level":"info","message":"ConfigModule dependencies initialized","timestamp":"2026-04-20T22:28:33.516Z"}
{"context":"InstanceLoader","level":"info","message":"JwtModule dependencies initialized","timestamp":"2026-04-20T22:28:33.517Z"}
{"context":"InstanceLoader","level":"info","message":"UploadModule dependencies initialized","timestamp":"2026-04-20T22:28:33.518Z"}
{"context":"InstanceLoader","level":"info","message":"TypeOrmCoreModule dependencies initialized","timestamp":"2026-04-20T22:28:33.518Z"}
{"context":"InstanceLoader","level":"info","message":"TypeOrmModule dependencies initialized","timestamp":"2026-04-20T22:28:33.519Z"}
{"context":"InstanceLoader","level":"info","message":"TypeOrmModule dependencies initialized","timestamp":"2026-04-20T22:28:33.519Z"}
{"context":"InstanceLoader","level":"info","message":"TypeOrmModule dependencies initialized","timestamp":"2026-04-20T22:28:33.520Z"}
{"context":"InstanceLoader","level":"info","message":"TypeOrmModule dependencies initialized","timestamp":"2026-04-20T22:28:33.521Z"}
{"context":"InstanceLoader","level":"info","message":"TypeOrmModule dependencies initialized","timestamp":"2026-04-20T22:28:33.522Z"}
{"context":"InstanceLoader","level":"info","message":"TypeOrmModule dependencies initialized","timestamp":"2026-04-20T22:28:33.522Z"}
{"context":"InstanceLoader","level":"info","message":"TypeOrmModule dependencies initialized","timestamp":"2026-04-20T22:28:33.523Z"}
{"context":"InstanceLoader","level":"info","message":"TypeOrmModule dependencies initialized","timestamp":"2026-04-20T22:28:33.523Z"}
{"context":"InstanceLoader","level":"info","message":"AuditLogsModule dependencies initialized","timestamp":"2026-04-20T22:28:33.524Z"}
{"context":"InstanceLoader","level":"info","message":"SeedModule dependencies initialized","timestamp":"2026-04-20T22:28:33.524Z"}
{"context":"InstanceLoader","level":"info","message":"CountriesModule dependencies initialized","timestamp":"2026-04-20T22:28:33.525Z"}
{"context":"InstanceLoader","level":"info","message":"FaqModule dependencies initialized","timestamp":"2026-04-20T22:28:33.525Z"}
{"context":"InstanceLoader","level":"info","message":"TestimonialsModule dependencies initialized","timestamp":"2026-04-20T22:28:33.526Z"}
{"context":"InstanceLoader","level":"info","message":"AuthModule dependencies initialized","timestamp":"2026-04-20T22:28:33.526Z"}
{"context":"InstanceLoader","level":"info","message":"ServicesModule dependencies initialized","timestamp":"2026-04-20T22:28:33.526Z"}
{"context":"InstanceLoader","level":"info","message":"OrdersModule dependencies initialized","timestamp":"2026-04-20T22:28:33.527Z"}
{"context":"InstanceLoader","level":"info","message":"PaymentsModule dependencies initialized","timestamp":"2026-04-20T22:28:33.527Z"}
{"context":"InstanceLoader","level":"info","message":"UsersModule dependencies initialized","timestamp":"2026-04-20T22:28:33.528Z"}
{"context":"RoutesResolver","level":"info","message":"AuthController {/api/auth} (version: 1):","timestamp":"2026-04-20T22:28:33.528Z"}
{"context":"RouterExplorer","level":"info","message":"Mapped {/api/auth/register, POST} (version: 1) route","timestamp":"2026-04-20T22:28:33.529Z"}
{"context":"RouterExplorer","level":"info","message":"Mapped {/api/auth/login, POST} (version: 1) route","timestamp":"2026-04-20T22:28:33.529Z"}
{"context":"RouterExplorer","level":"info","message":"Mapped {/api/auth/refresh, POST} (version: 1) route","timestamp":"2026-04-20T22:28:33.530Z"}
{"context":"RouterExplorer","level":"info","message":"Mapped {/api/auth/forgot-password, POST} (version: 1) route","timestamp":"2026-04-20T22:28:33.530Z"}
{"context":"RouterExplorer","level":"info","message":"Mapped {/api/auth/reset-password, POST} (version: 1) route","timestamp":"2026-04-20T22:28:33.531Z"}
{"context":"RoutesResolver","level":"info","message":"UsersController {/api/users} (version: 1):","timestamp":"2026-04-20T22:28:33.531Z"}
{"context":"RouterExplorer","level":"info","message":"Mapped {/api/users/me, GET} (version: 1) route","timestamp":"2026-04-20T22:28:33.532Z"}
{"context":"RouterExplorer","level":"info","message":"Mapped {/api/users/me, PATCH} (version: 1) route","timestamp":"2026-04-20T22:28:33.532Z"}
{"context":"RouterExplorer","level":"info","message":"Mapped {/api/users, POST} (version: 1) route","timestamp":"2026-04-20T22:28:33.533Z"}
{"context":"RouterExplorer","level":"info","message":"Mapped {/api/users/admin/audit-logs, GET} (version: 1) route","timestamp":"2026-04-20T22:28:33.534Z"}
{"context":"RouterExplorer","level":"info","message":"Mapped {/api/users, GET} (version: 1) route","timestamp":"2026-04-20T22:28:33.534Z"}
{"context":"RouterExplorer","level":"info","message":"Mapped {/api/users/:id, GET} (version: 1) route","timestamp":"2026-04-20T22:28:33.534Z"}
{"context":"RouterExplorer","level":"info","message":"Mapped {/api/users/:id, PATCH} (version: 1) route","timestamp":"2026-04-20T22:28:33.535Z"}
{"context":"RouterExplorer","level":"info","message":"Mapped {/api/users/:id, DELETE} (version: 1) route","timestamp":"2026-04-20T22:28:33.536Z"}
{"context":"RouterExplorer","level":"info","message":"Mapped {/api/users/:id/block, PATCH} (version: 1) route","timestamp":"2026-04-20T22:28:33.536Z"}
{"context":"RouterExplorer","level":"info","message":"Mapped {/api/users/:id/unblock, PATCH} (version: 1) route","timestamp":"2026-04-20T22:28:33.537Z"}
{"context":"RoutesResolver","level":"info","message":"ServicesController {/api/services} (version: 1):","timestamp":"2026-04-20T22:28:33.537Z"}
{"context":"RouterExplorer","level":"info","message":"Mapped {/api/services, GET} (version: 1) route","timestamp":"2026-04-20T22:28:33.538Z"}
{"context":"RouterExplorer","level":"info","message":"Mapped {/api/services/:id, GET} (version: 1) route","timestamp":"2026-04-20T22:28:33.538Z"}
{"context":"RouterExplorer","level":"info","message":"Mapped {/api/services, POST} (version: 1) route","timestamp":"2026-04-20T22:28:33.539Z"}
{"context":"RouterExplorer","level":"info","message":"Mapped {/api/services/:id, PATCH} (version: 1) route","timestamp":"2026-04-20T22:28:33.540Z"}
{"context":"RouterExplorer","level":"info","message":"Mapped {/api/services/:id, DELETE} (version: 1) route","timestamp":"2026-04-20T22:28:33.540Z"}
{"context":"RouterExplorer","level":"info","message":"Mapped {/api/services/:id/toggle-active, PATCH} (version: 1) route","timestamp":"2026-04-20T22:28:33.541Z"}
{"context":"RoutesResolver","level":"info","message":"OrdersController {/api/orders} (version: 1):","timestamp":"2026-04-20T22:28:33.541Z"}
{"context":"RouterExplorer","level":"info","message":"Mapped {/api/orders, POST} (version: 1) route","timestamp":"2026-04-20T22:28:33.541Z"}
{"context":"RouterExplorer","level":"info","message":"Mapped {/api/orders/me, GET} (version: 1) route","timestamp":"2026-04-20T22:28:33.542Z"}
{"context":"RouterExplorer","level":"info","message":"Mapped {/api/orders, GET} (version: 1) route","timestamp":"2026-04-20T22:28:33.543Z"}
{"context":"RouterExplorer","level":"info","message":"Mapped {/api/orders/:id, GET} (version: 1) route","timestamp":"2026-04-20T22:28:33.543Z"}
{"context":"RouterExplorer","level":"info","message":"Mapped {/api/orders/:id/status, PATCH} (version: 1) route","timestamp":"2026-04-20T22:28:33.544Z"}
{"context":"RoutesResolver","level":"info","message":"PaymentsController {/api/payments} (version: 1):","timestamp":"2026-04-20T22:28:33.544Z"}
{"context":"RouterExplorer","level":"info","message":"Mapped {/api/payments/initiate, POST} (version: 1) route","timestamp":"2026-04-20T22:28:33.545Z"}
{"context":"RouterExplorer","level":"info","message":"Mapped {/api/payments/webhook, POST} (version: 1) route","timestamp":"2026-04-20T22:28:33.545Z"}
{"context":"RouterExplorer","level":"info","message":"Mapped {/api/payments/:id, GET} (version: 1) route","timestamp":"2026-04-20T22:28:33.546Z"}
{"context":"RoutesResolver","level":"info","message":"CountriesController {/api/countries} (version: 1):","timestamp":"2026-04-20T22:28:33.547Z"}
{"context":"RouterExplorer","level":"info","message":"Mapped {/api/countries, GET} (version: 1) route","timestamp":"2026-04-20T22:28:33.548Z"}
{"context":"RouterExplorer","level":"info","message":"Mapped {/api/countries/seed, POST} (version: 1) route","timestamp":"2026-04-20T22:28:33.549Z"}
{"context":"RoutesResolver","level":"info","message":"FaqController {/api/faq} (version: 1):","timestamp":"2026-04-20T22:28:33.550Z"}
{"context":"RouterExplorer","level":"info","message":"Mapped {/api/faq, GET} (version: 1) route","timestamp":"2026-04-20T22:28:33.550Z"}
{"context":"RouterExplorer","level":"info","message":"Mapped {/api/faq/admin, GET} (version: 1) route","timestamp":"2026-04-20T22:28:33.551Z"}
{"context":"RouterExplorer","level":"info","message":"Mapped {/api/faq, POST} (version: 1) route","timestamp":"2026-04-20T22:28:33.551Z"}
{"context":"RouterExplorer","level":"info","message":"Mapped {/api/faq/:id, PATCH} (version: 1) route","timestamp":"2026-04-20T22:28:33.551Z"}
{"context":"RouterExplorer","level":"info","message":"Mapped {/api/faq/:id/toggle-active, PATCH} (version: 1) route","timestamp":"2026-04-20T22:28:33.552Z"}
{"context":"RouterExplorer","level":"info","message":"Mapped {/api/faq/:id, DELETE} (version: 1) route","timestamp":"2026-04-20T22:28:33.552Z"}
{"context":"RoutesResolver","level":"info","message":"TestimonialsController {/api/testimonials} (version: 1):","timestamp":"2026-04-20T22:28:33.553Z"}
{"context":"RouterExplorer","level":"info","message":"Mapped {/api/testimonials, GET} (version: 1) route","timestamp":"2026-04-20T22:28:33.553Z"}
{"context":"RouterExplorer","level":"info","message":"Mapped {/api/testimonials/admin, GET} (version: 1) route","timestamp":"2026-04-20T22:28:33.553Z"}
{"context":"RouterExplorer","level":"info","message":"Mapped {/api/testimonials, POST} (version: 1) route","timestamp":"2026-04-20T22:28:33.554Z"}
{"context":"RouterExplorer","level":"info","message":"Mapped {/api/testimonials/:id, PATCH} (version: 1) route","timestamp":"2026-04-20T22:28:33.554Z"}
{"context":"RouterExplorer","level":"info","message":"Mapped {/api/testimonials/:id/toggle-visible, PATCH} (version: 1) route","timestamp":"2026-04-20T22:28:33.554Z"}
{"context":"RouterExplorer","level":"info","message":"Mapped {/api/testimonials/:id, DELETE} (version: 1) route","timestamp":"2026-04-20T22:28:33.555Z"}
{"context":"RoutesResolver","level":"info","message":"UploadController {/api/upload} (version: 1):","timestamp":"2026-04-20T22:28:33.555Z"}
{"context":"RouterExplorer","level":"info","message":"Mapped {/api/upload/images, POST} (version: 1) route","timestamp":"2026-04-20T22:28:33.556Z"}
{"context":"RouterExplorer","level":"info","message":"Mapped {/api/upload/videos, POST} (version: 1) route","timestamp":"2026-04-20T22:28:33.556Z"}
{"context":"RouterExplorer","level":"info","message":"Mapped {/api/upload/delete, POST} (version: 1) route","timestamp":"2026-04-20T22:28:33.557Z"}
{"context":"RoutesResolver","level":"info","message":"SeedController {/api/seed} (version: 1):","timestamp":"2026-04-20T22:28:33.557Z"}
{"context":"RouterExplorer","level":"info","message":"Mapped {/api/seed/run, POST} (version: 1) route","timestamp":"2026-04-20T22:28:33.558Z"}
{"context":"AuditLogsStartupHook","level":"info","message":"Audit list API: GET /api/v1/users/admin/audit-logs (admin JWT)","timestamp":"2026-04-20T22:28:33.558Z"}
{"context":"NestApplication","level":"info","message":"Nest application successfully started","timestamp":"2026-04-20T22:28:33.559Z"}
{"context":"Bootstrap","level":"info","message":"Khairat API running on port 3001","timestamp":"2026-04-20T22:28:33.560Z"}
{"context":"Bootstrap","level":"info","message":"Swagger docs: http://localhost:3001/api/docs","timestamp":"2026-04-20T22:28:33.560Z"}
{"context":"Bootstrap","level":"info","message":"Audit logs (admin): GET http://localhost:3001/api/v1/users/admin/audit-logs","timestamp":"2026-04-20T22:28:33.561Z"}
{"context":"NestFactory","level":"info","message":"Starting Nest application...","timestamp":"2026-04-20T22:28:40.017Z"}
{"context":"InstanceLoader","level":"info","message":"AppModule dependencies initialized","timestamp":"2026-04-20T22:28:40.019Z"}
{"context":"InstanceLoader","level":"info","message":"TypeOrmModule dependencies initialized","timestamp":"2026-04-20T22:28:40.019Z"}
{"context":"InstanceLoader","level":"info","message":"PassportModule dependencies initialized","timestamp":"2026-04-20T22:28:40.020Z"}
{"context":"InstanceLoader","level":"info","message":"ThrottlerModule dependencies initialized","timestamp":"2026-04-20T22:28:40.020Z"}
{"context":"InstanceLoader","level":"info","message":"ConfigHostModule dependencies initialized","timestamp":"2026-04-20T22:28:40.021Z"}
{"context":"InstanceLoader","level":"info","message":"WinstonModule dependencies initialized","timestamp":"2026-04-20T22:28:40.021Z"}
{"context":"InstanceLoader","level":"info","message":"ConfigModule dependencies initialized","timestamp":"2026-04-20T22:28:40.022Z"}
{"context":"InstanceLoader","level":"info","message":"ConfigModule dependencies initialized","timestamp":"2026-04-20T22:28:40.022Z"}
{"context":"InstanceLoader","level":"info","message":"JwtModule dependencies initialized","timestamp":"2026-04-20T22:28:40.022Z"}
{"context":"InstanceLoader","level":"info","message":"UploadModule dependencies initialized","timestamp":"2026-04-20T22:28:40.023Z"}
{"context":"InstanceLoader","level":"info","message":"TypeOrmCoreModule dependencies initialized","timestamp":"2026-04-20T22:28:40.023Z"}
{"context":"InstanceLoader","level":"info","message":"TypeOrmModule dependencies initialized","timestamp":"2026-04-20T22:28:40.024Z"}
{"context":"InstanceLoader","level":"info","message":"TypeOrmModule dependencies initialized","timestamp":"2026-04-20T22:28:40.024Z"}
{"context":"InstanceLoader","level":"info","message":"TypeOrmModule dependencies initialized","timestamp":"2026-04-20T22:28:40.024Z"}
{"context":"InstanceLoader","level":"info","message":"TypeOrmModule dependencies initialized","timestamp":"2026-04-20T22:28:40.025Z"}
{"context":"InstanceLoader","level":"info","message":"TypeOrmModule dependencies initialized","timestamp":"2026-04-20T22:28:40.025Z"}
{"context":"InstanceLoader","level":"info","message":"TypeOrmModule dependencies initialized","timestamp":"2026-04-20T22:28:40.026Z"}
{"context":"InstanceLoader","level":"info","message":"TypeOrmModule dependencies initialized","timestamp":"2026-04-20T22:28:40.026Z"}
{"context":"InstanceLoader","level":"info","message":"TypeOrmModule dependencies initialized","timestamp":"2026-04-20T22:28:40.026Z"}
{"context":"InstanceLoader","level":"info","message":"AuditLogsModule dependencies initialized","timestamp":"2026-04-20T22:28:40.027Z"}
{"context":"InstanceLoader","level":"info","message":"SeedModule dependencies initialized","timestamp":"2026-04-20T22:28:40.028Z"}
{"context":"InstanceLoader","level":"info","message":"CountriesModule dependencies initialized","timestamp":"2026-04-20T22:28:40.029Z"}
{"context":"InstanceLoader","level":"info","message":"FaqModule dependencies initialized","timestamp":"2026-04-20T22:28:40.029Z"}
{"context":"InstanceLoader","level":"info","message":"TestimonialsModule dependencies initialized","timestamp":"2026-04-20T22:28:40.030Z"}
{"context":"InstanceLoader","level":"info","message":"AuthModule dependencies initialized","timestamp":"2026-04-20T22:28:40.031Z"}
{"context":"InstanceLoader","level":"info","message":"ServicesModule dependencies initialized","timestamp":"2026-04-20T22:28:40.033Z"}
{"context":"InstanceLoader","level":"info","message":"OrdersModule dependencies initialized","timestamp":"2026-04-20T22:28:40.034Z"}
{"context":"InstanceLoader","level":"info","message":"PaymentsModule dependencies initialized","timestamp":"2026-04-20T22:28:40.034Z"}
{"context":"InstanceLoader","level":"info","message":"UsersModule dependencies initialized","timestamp":"2026-04-20T22:28:40.035Z"}
{"context":"RoutesResolver","level":"info","message":"AuthController {/api/auth} (version: 1):","timestamp":"2026-04-20T22:28:40.036Z"}
{"context":"RouterExplorer","level":"info","message":"Mapped {/api/auth/register, POST} (version: 1) route","timestamp":"2026-04-20T22:28:40.037Z"}
{"context":"RouterExplorer","level":"info","message":"Mapped {/api/auth/login, POST} (version: 1) route","timestamp":"2026-04-20T22:28:40.037Z"}
{"context":"RouterExplorer","level":"info","message":"Mapped {/api/auth/refresh, POST} (version: 1) route","timestamp":"2026-04-20T22:28:40.038Z"}
{"context":"RouterExplorer","level":"info","message":"Mapped {/api/auth/forgot-password, POST} (version: 1) route","timestamp":"2026-04-20T22:28:40.039Z"}
{"context":"RouterExplorer","level":"info","message":"Mapped {/api/auth/reset-password, POST} (version: 1) route","timestamp":"2026-04-20T22:28:40.040Z"}
{"context":"RoutesResolver","level":"info","message":"UsersController {/api/users} (version: 1):","timestamp":"2026-04-20T22:28:40.041Z"}
{"context":"RouterExplorer","level":"info","message":"Mapped {/api/users/me, GET} (version: 1) route","timestamp":"2026-04-20T22:28:40.041Z"}
{"context":"RouterExplorer","level":"info","message":"Mapped {/api/users/me, PATCH} (version: 1) route","timestamp":"2026-04-20T22:28:40.042Z"}
{"context":"RouterExplorer","level":"info","message":"Mapped {/api/users, POST} (version: 1) route","timestamp":"2026-04-20T22:28:40.043Z"}
{"context":"RouterExplorer","level":"info","message":"Mapped {/api/users/admin/audit-logs, GET} (version: 1) route","timestamp":"2026-04-20T22:28:40.043Z"}
{"context":"RouterExplorer","level":"info","message":"Mapped {/api/users, GET} (version: 1) route","timestamp":"2026-04-20T22:28:40.044Z"}
{"context":"RouterExplorer","level":"info","message":"Mapped {/api/users/:id, GET} (version: 1) route","timestamp":"2026-04-20T22:28:40.045Z"}
{"context":"RouterExplorer","level":"info","message":"Mapped {/api/users/:id, PATCH} (version: 1) route","timestamp":"2026-04-20T22:28:40.046Z"}
{"context":"RouterExplorer","level":"info","message":"Mapped {/api/users/:id, DELETE} (version: 1) route","timestamp":"2026-04-20T22:28:40.046Z"}
{"context":"RouterExplorer","level":"info","message":"Mapped {/api/users/:id/block, PATCH} (version: 1) route","timestamp":"2026-04-20T22:28:40.047Z"}
{"context":"RouterExplorer","level":"info","message":"Mapped {/api/users/:id/unblock, PATCH} (version: 1) route","timestamp":"2026-04-20T22:28:40.047Z"}
{"context":"RoutesResolver","level":"info","message":"ServicesController {/api/services} (version: 1):","timestamp":"2026-04-20T22:28:40.048Z"}
{"context":"RouterExplorer","level":"info","message":"Mapped {/api/services, GET} (version: 1) route","timestamp":"2026-04-20T22:28:40.048Z"}
{"context":"RouterExplorer","level":"info","message":"Mapped {/api/services/:id, GET} (version: 1) route","timestamp":"2026-04-20T22:28:40.048Z"}
{"context":"RouterExplorer","level":"info","message":"Mapped {/api/services, POST} (version: 1) route","timestamp":"2026-04-20T22:28:40.049Z"}
{"context":"RouterExplorer","level":"info","message":"Mapped {/api/services/:id, PATCH} (version: 1) route","timestamp":"2026-04-20T22:28:40.049Z"}
{"context":"RouterExplorer","level":"info","message":"Mapped {/api/services/:id, DELETE} (version: 1) route","timestamp":"2026-04-20T22:28:40.049Z"}
{"context":"RouterExplorer","level":"info","message":"Mapped {/api/services/:id/toggle-active, PATCH} (version: 1) route","timestamp":"2026-04-20T22:28:40.050Z"}
{"context":"RoutesResolver","level":"info","message":"OrdersController {/api/orders} (version: 1):","timestamp":"2026-04-20T22:28:40.050Z"}
{"context":"RouterExplorer","level":"info","message":"Mapped {/api/orders, POST} (version: 1) route","timestamp":"2026-04-20T22:28:40.051Z"}
{"context":"RouterExplorer","level":"info","message":"Mapped {/api/orders/me, GET} (version: 1) route","timestamp":"2026-04-20T22:28:40.051Z"}
{"context":"RouterExplorer","level":"info","message":"Mapped {/api/orders, GET} (version: 1) route","timestamp":"2026-04-20T22:28:40.051Z"}
{"context":"RouterExplorer","level":"info","message":"Mapped {/api/orders/:id, GET} (version: 1) route","timestamp":"2026-04-20T22:28:40.052Z"}
{"context":"RouterExplorer","level":"info","message":"Mapped {/api/orders/:id/status, PATCH} (version: 1) route","timestamp":"2026-04-20T22:28:40.052Z"}
{"context":"RoutesResolver","level":"info","message":"PaymentsController {/api/payments} (version: 1):","timestamp":"2026-04-20T22:28:40.052Z"}
{"context":"RouterExplorer","level":"info","message":"Mapped {/api/payments/initiate, POST} (version: 1) route","timestamp":"2026-04-20T22:28:40.053Z"}
{"context":"RouterExplorer","level":"info","message":"Mapped {/api/payments/webhook, POST} (version: 1) route","timestamp":"2026-04-20T22:28:40.053Z"}
{"context":"RouterExplorer","level":"info","message":"Mapped {/api/payments/:id, GET} (version: 1) route","timestamp":"2026-04-20T22:28:40.053Z"}
{"context":"RoutesResolver","level":"info","message":"CountriesController {/api/countries} (version: 1):","timestamp":"2026-04-20T22:28:40.054Z"}
{"context":"RouterExplorer","level":"info","message":"Mapped {/api/countries, GET} (version: 1) route","timestamp":"2026-04-20T22:28:40.054Z"}
{"context":"RouterExplorer","level":"info","message":"Mapped {/api/countries/seed, POST} (version: 1) route","timestamp":"2026-04-20T22:28:40.055Z"}
{"context":"RoutesResolver","level":"info","message":"FaqController {/api/faq} (version: 1):","timestamp":"2026-04-20T22:28:40.055Z"}
{"context":"RouterExplorer","level":"info","message":"Mapped {/api/faq, GET} (version: 1) route","timestamp":"2026-04-20T22:28:40.055Z"}
{"context":"RouterExplorer","level":"info","message":"Mapped {/api/faq/admin, GET} (version: 1) route","timestamp":"2026-04-20T22:28:40.056Z"}
{"context":"RouterExplorer","level":"info","message":"Mapped {/api/faq, POST} (version: 1) route","timestamp":"2026-04-20T22:28:40.056Z"}
{"context":"RouterExplorer","level":"info","message":"Mapped {/api/faq/:id, PATCH} (version: 1) route","timestamp":"2026-04-20T22:28:40.056Z"}
{"context":"RouterExplorer","level":"info","message":"Mapped {/api/faq/:id/toggle-active, PATCH} (version: 1) route","timestamp":"2026-04-20T22:28:40.057Z"}
{"context":"RouterExplorer","level":"info","message":"Mapped {/api/faq/:id, DELETE} (version: 1) route","timestamp":"2026-04-20T22:28:40.057Z"}
{"context":"RoutesResolver","level":"info","message":"TestimonialsController {/api/testimonials} (version: 1):","timestamp":"2026-04-20T22:28:40.057Z"}
{"context":"RouterExplorer","level":"info","message":"Mapped {/api/testimonials, GET} (version: 1) route","timestamp":"2026-04-20T22:28:40.058Z"}
{"context":"RouterExplorer","level":"info","message":"Mapped {/api/testimonials/admin, GET} (version: 1) route","timestamp":"2026-04-20T22:28:40.058Z"}
{"context":"RouterExplorer","level":"info","message":"Mapped {/api/testimonials, POST} (version: 1) route","timestamp":"2026-04-20T22:28:40.059Z"}
{"context":"RouterExplorer","level":"info","message":"Mapped {/api/testimonials/:id, PATCH} (version: 1) route","timestamp":"2026-04-20T22:28:40.060Z"}
{"context":"RouterExplorer","level":"info","message":"Mapped {/api/testimonials/:id/toggle-visible, PATCH} (version: 1) route","timestamp":"2026-04-20T22:28:40.061Z"}
{"context":"RouterExplorer","level":"info","message":"Mapped {/api/testimonials/:id, DELETE} (version: 1) route","timestamp":"2026-04-20T22:28:40.061Z"}
{"context":"RoutesResolver","level":"info","message":"UploadController {/api/upload} (version: 1):","timestamp":"2026-04-20T22:28:40.062Z"}
{"context":"RouterExplorer","level":"info","message":"Mapped {/api/upload/images, POST} (version: 1) route","timestamp":"2026-04-20T22:28:40.063Z"}
{"context":"RouterExplorer","level":"info","message":"Mapped {/api/upload/videos, POST} (version: 1) route","timestamp":"2026-04-20T22:28:40.063Z"}
{"context":"RouterExplorer","level":"info","message":"Mapped {/api/upload/delete, POST} (version: 1) route","timestamp":"2026-04-20T22:28:40.063Z"}
{"context":"RoutesResolver","level":"info","message":"SeedController {/api/seed} (version: 1):","timestamp":"2026-04-20T22:28:40.064Z"}
{"context":"RouterExplorer","level":"info","message":"Mapped {/api/seed/run, POST} (version: 1) route","timestamp":"2026-04-20T22:28:40.064Z"}
{"context":"AuditLogsStartupHook","level":"info","message":"Audit list API: GET /api/v1/users/admin/audit-logs (admin JWT)","timestamp":"2026-04-20T22:28:40.065Z"}
{"context":"NestApplication","level":"info","message":"Nest application successfully started","timestamp":"2026-04-20T22:28:40.066Z"}
{"context":"Bootstrap","level":"info","message":"Khairat API running on port 3001","timestamp":"2026-04-20T22:28:40.067Z"}
{"context":"Bootstrap","level":"info","message":"Swagger docs: http://localhost:3001/api/docs","timestamp":"2026-04-20T22:28:40.068Z"}
{"context":"Bootstrap","level":"info","message":"Audit logs (admin): GET http://localhost:3001/api/v1/users/admin/audit-logs","timestamp":"2026-04-20T22:28:40.069Z"}
{"context":"NestFactory","level":"info","message":"Starting Nest application...","timestamp":"2026-04-20T22:28:50.693Z"}
{"context":"InstanceLoader","level":"info","message":"AppModule dependencies initialized","timestamp":"2026-04-20T22:28:50.694Z"}
{"context":"InstanceLoader","level":"info","message":"TypeOrmModule dependencies initialized","timestamp":"2026-04-20T22:28:50.695Z"}
{"context":"InstanceLoader","level":"info","message":"PassportModule dependencies initialized","timestamp":"2026-04-20T22:28:50.695Z"}
{"context":"InstanceLoader","level":"info","message":"ThrottlerModule dependencies initialized","timestamp":"2026-04-20T22:28:50.696Z"}
{"context":"InstanceLoader","level":"info","message":"ConfigHostModule dependencies initialized","timestamp":"2026-04-20T22:28:50.697Z"}
{"context":"InstanceLoader","level":"info","message":"WinstonModule dependencies initialized","timestamp":"2026-04-20T22:28:50.698Z"}
{"context":"InstanceLoader","level":"info","message":"ConfigModule dependencies initialized","timestamp":"2026-04-20T22:28:50.698Z"}
{"context":"InstanceLoader","level":"info","message":"ConfigModule dependencies initialized","timestamp":"2026-04-20T22:28:50.699Z"}
{"context":"InstanceLoader","level":"info","message":"JwtModule dependencies initialized","timestamp":"2026-04-20T22:28:50.700Z"}
{"context":"InstanceLoader","level":"info","message":"UploadModule dependencies initialized","timestamp":"2026-04-20T22:28:50.701Z"}
{"context":"InstanceLoader","level":"info","message":"TypeOrmCoreModule dependencies initialized","timestamp":"2026-04-20T22:28:50.701Z"}
{"context":"InstanceLoader","level":"info","message":"TypeOrmModule dependencies initialized","timestamp":"2026-04-20T22:28:50.702Z"}
{"context":"InstanceLoader","level":"info","message":"TypeOrmModule dependencies initialized","timestamp":"2026-04-20T22:28:50.702Z"}
{"context":"InstanceLoader","level":"info","message":"TypeOrmModule dependencies initialized","timestamp":"2026-04-20T22:28:50.704Z"}
{"context":"InstanceLoader","level":"info","message":"TypeOrmModule dependencies initialized","timestamp":"2026-04-20T22:28:50.704Z"}
{"context":"InstanceLoader","level":"info","message":"TypeOrmModule dependencies initialized","timestamp":"2026-04-20T22:28:50.705Z"}
{"context":"InstanceLoader","level":"info","message":"TypeOrmModule dependencies initialized","timestamp":"2026-04-20T22:28:50.706Z"}
{"context":"InstanceLoader","level":"info","message":"TypeOrmModule dependencies initialized","timestamp":"2026-04-20T22:28:50.706Z"}
{"context":"InstanceLoader","level":"info","message":"TypeOrmModule dependencies initialized","timestamp":"2026-04-20T22:28:50.707Z"}
{"context":"InstanceLoader","level":"info","message":"AuditLogsModule dependencies initialized","timestamp":"2026-04-20T22:28:50.707Z"}
{"context":"InstanceLoader","level":"info","message":"SeedModule dependencies initialized","timestamp":"2026-04-20T22:28:50.708Z"}
{"context":"InstanceLoader","level":"info","message":"CountriesModule dependencies initialized","timestamp":"2026-04-20T22:28:50.708Z"}
{"context":"InstanceLoader","level":"info","message":"FaqModule dependencies initialized","timestamp":"2026-04-20T22:28:50.709Z"}
{"context":"InstanceLoader","level":"info","message":"TestimonialsModule dependencies initialized","timestamp":"2026-04-20T22:28:50.710Z"}
{"context":"InstanceLoader","level":"info","message":"AuthModule dependencies initialized","timestamp":"2026-04-20T22:28:50.710Z"}
{"context":"InstanceLoader","level":"info","message":"ServicesModule dependencies initialized","timestamp":"2026-04-20T22:28:50.711Z"}
{"context":"InstanceLoader","level":"info","message":"OrdersModule dependencies initialized","timestamp":"2026-04-20T22:28:50.711Z"}
{"context":"InstanceLoader","level":"info","message":"PaymentsModule dependencies initialized","timestamp":"2026-04-20T22:28:50.712Z"}
{"context":"InstanceLoader","level":"info","message":"UsersModule dependencies initialized","timestamp":"2026-04-20T22:28:50.712Z"}
{"context":"RoutesResolver","level":"info","message":"AuthController {/api/auth} (version: 1):","timestamp":"2026-04-20T22:28:50.713Z"}
{"context":"RouterExplorer","level":"info","message":"Mapped {/api/auth/register, POST} (version: 1) route","timestamp":"2026-04-20T22:28:50.713Z"}
{"context":"RouterExplorer","level":"info","message":"Mapped {/api/auth/login, POST} (version: 1) route","timestamp":"2026-04-20T22:28:50.714Z"}
{"context":"RouterExplorer","level":"info","message":"Mapped {/api/auth/refresh, POST} (version: 1) route","timestamp":"2026-04-20T22:28:50.715Z"}
{"context":"RouterExplorer","level":"info","message":"Mapped {/api/auth/forgot-password, POST} (version: 1) route","timestamp":"2026-04-20T22:28:50.716Z"}
{"context":"RouterExplorer","level":"info","message":"Mapped {/api/auth/reset-password, POST} (version: 1) route","timestamp":"2026-04-20T22:28:50.716Z"}
{"context":"RoutesResolver","level":"info","message":"UsersController {/api/users} (version: 1):","timestamp":"2026-04-20T22:28:50.717Z"}
{"context":"RouterExplorer","level":"info","message":"Mapped {/api/users/me, GET} (version: 1) route","timestamp":"2026-04-20T22:28:50.717Z"}
{"context":"RouterExplorer","level":"info","message":"Mapped {/api/users/me, PATCH} (version: 1) route","timestamp":"2026-04-20T22:28:50.719Z"}
{"context":"RouterExplorer","level":"info","message":"Mapped {/api/users, POST} (version: 1) route","timestamp":"2026-04-20T22:28:50.720Z"}
{"context":"RouterExplorer","level":"info","message":"Mapped {/api/users/admin/audit-logs, GET} (version: 1) route","timestamp":"2026-04-20T22:28:50.721Z"}
{"context":"RouterExplorer","level":"info","message":"Mapped {/api/users, GET} (version: 1) route","timestamp":"2026-04-20T22:28:50.722Z"}
{"context":"RouterExplorer","level":"info","message":"Mapped {/api/users/:id, GET} (version: 1) route","timestamp":"2026-04-20T22:28:50.723Z"}
{"context":"RouterExplorer","level":"info","message":"Mapped {/api/users/:id, PATCH} (version: 1) route","timestamp":"2026-04-20T22:28:50.724Z"}
{"context":"RouterExplorer","level":"info","message":"Mapped {/api/users/:id, DELETE} (version: 1) route","timestamp":"2026-04-20T22:28:50.724Z"}
{"context":"RouterExplorer","level":"info","message":"Mapped {/api/users/:id/block, PATCH} (version: 1) route","timestamp":"2026-04-20T22:28:50.725Z"}
{"context":"RouterExplorer","level":"info","message":"Mapped {/api/users/:id/unblock, PATCH} (version: 1) route","timestamp":"2026-04-20T22:28:50.725Z"}
{"context":"RoutesResolver","level":"info","message":"ServicesController {/api/services} (version: 1):","timestamp":"2026-04-20T22:28:50.726Z"}
{"context":"RouterExplorer","level":"info","message":"Mapped {/api/services, GET} (version: 1) route","timestamp":"2026-04-20T22:28:50.726Z"}
{"context":"RouterExplorer","level":"info","message":"Mapped {/api/services/:id, GET} (version: 1) route","timestamp":"2026-04-20T22:28:50.727Z"}
{"context":"RouterExplorer","level":"info","message":"Mapped {/api/services, POST} (version: 1) route","timestamp":"2026-04-20T22:28:50.727Z"}
{"context":"RouterExplorer","level":"info","message":"Mapped {/api/services/:id, PATCH} (version: 1) route","timestamp":"2026-04-20T22:28:50.728Z"}
{"context":"RouterExplorer","level":"info","message":"Mapped {/api/services/:id, DELETE} (version: 1) route","timestamp":"2026-04-20T22:28:50.728Z"}
{"context":"RouterExplorer","level":"info","message":"Mapped {/api/services/:id/toggle-active, PATCH} (version: 1) route","timestamp":"2026-04-20T22:28:50.729Z"}
{"context":"RoutesResolver","level":"info","message":"OrdersController {/api/orders} (version: 1):","timestamp":"2026-04-20T22:28:50.729Z"}
{"context":"RouterExplorer","level":"info","message":"Mapped {/api/orders, POST} (version: 1) route","timestamp":"2026-04-20T22:28:50.730Z"}
{"context":"RouterExplorer","level":"info","message":"Mapped {/api/orders/me, GET} (version: 1) route","timestamp":"2026-04-20T22:28:50.731Z"}
{"context":"RouterExplorer","level":"info","message":"Mapped {/api/orders, GET} (version: 1) route","timestamp":"2026-04-20T22:28:50.732Z"}
{"context":"RouterExplorer","level":"info","message":"Mapped {/api/orders/:id, GET} (version: 1) route","timestamp":"2026-04-20T22:28:50.733Z"}
{"context":"RouterExplorer","level":"info","message":"Mapped {/api/orders/:id/status, PATCH} (version: 1) route","timestamp":"2026-04-20T22:28:50.735Z"}
{"context":"RoutesResolver","level":"info","message":"PaymentsController {/api/payments} (version: 1):","timestamp":"2026-04-20T22:28:50.736Z"}
{"context":"RouterExplorer","level":"info","message":"Mapped {/api/payments/initiate, POST} (version: 1) route","timestamp":"2026-04-20T22:28:50.737Z"}
{"context":"RouterExplorer","level":"info","message":"Mapped {/api/payments/webhook, POST} (version: 1) route","timestamp":"2026-04-20T22:28:50.737Z"}
{"context":"RouterExplorer","level":"info","message":"Mapped {/api/payments/:id, GET} (version: 1) route","timestamp":"2026-04-20T22:28:50.739Z"}
{"context":"RoutesResolver","level":"info","message":"CountriesController {/api/countries} (version: 1):","timestamp":"2026-04-20T22:28:50.740Z"}
{"context":"RouterExplorer","level":"info","message":"Mapped {/api/countries, GET} (version: 1) route","timestamp":"2026-04-20T22:28:50.741Z"}
{"context":"RouterExplorer","level":"info","message":"Mapped {/api/countries/seed, POST} (version: 1) route","timestamp":"2026-04-20T22:28:50.742Z"}
{"context":"RoutesResolver","level":"info","message":"FaqController {/api/faq} (version: 1):","timestamp":"2026-04-20T22:28:50.744Z"}
{"context":"RouterExplorer","level":"info","message":"Mapped {/api/faq, GET} (version: 1) route","timestamp":"2026-04-20T22:28:50.745Z"}
{"context":"RouterExplorer","level":"info","message":"Mapped {/api/faq/admin, GET} (version: 1) route","timestamp":"2026-04-20T22:28:50.747Z"}
{"context":"RouterExplorer","level":"info","message":"Mapped {/api/faq, POST} (version: 1) route","timestamp":"2026-04-20T22:28:50.748Z"}
{"context":"RouterExplorer","level":"info","message":"Mapped {/api/faq/:id, PATCH} (version: 1) route","timestamp":"2026-04-20T22:28:50.751Z"}
{"context":"RouterExplorer","level":"info","message":"Mapped {/api/faq/:id/toggle-active, PATCH} (version: 1) route","timestamp":"2026-04-20T22:28:50.752Z"}
{"context":"RouterExplorer","level":"info","message":"Mapped {/api/faq/:id, DELETE} (version: 1) route","timestamp":"2026-04-20T22:28:50.754Z"}
{"context":"RoutesResolver","level":"info","message":"TestimonialsController {/api/testimonials} (version: 1):","timestamp":"2026-04-20T22:28:50.755Z"}
{"context":"RouterExplorer","level":"info","message":"Mapped {/api/testimonials, GET} (version: 1) route","timestamp":"2026-04-20T22:28:50.756Z"}
{"context":"RouterExplorer","level":"info","message":"Mapped {/api/testimonials/admin, GET} (version: 1) route","timestamp":"2026-04-20T22:28:50.756Z"}
{"context":"RouterExplorer","level":"info","message":"Mapped {/api/testimonials, POST} (version: 1) route","timestamp":"2026-04-20T22:28:50.757Z"}
{"context":"RouterExplorer","level":"info","message":"Mapped {/api/testimonials/:id, PATCH} (version: 1) route","timestamp":"2026-04-20T22:28:50.758Z"}
{"context":"RouterExplorer","level":"info","message":"Mapped {/api/testimonials/:id/toggle-visible, PATCH} (version: 1) route","timestamp":"2026-04-20T22:28:50.759Z"}
{"context":"RouterExplorer","level":"info","message":"Mapped {/api/testimonials/:id, DELETE} (version: 1) route","timestamp":"2026-04-20T22:28:50.759Z"}
{"context":"RoutesResolver","level":"info","message":"UploadController {/api/upload} (version: 1):","timestamp":"2026-04-20T22:28:50.760Z"}
{"context":"RouterExplorer","level":"info","message":"Mapped {/api/upload/images, POST} (version: 1) route","timestamp":"2026-04-20T22:28:50.761Z"}
{"context":"RouterExplorer","level":"info","message":"Mapped {/api/upload/videos, POST} (version: 1) route","timestamp":"2026-04-20T22:28:50.763Z"}
{"context":"RouterExplorer","level":"info","message":"Mapped {/api/upload/delete, POST} (version: 1) route","timestamp":"2026-04-20T22:28:50.764Z"}
{"context":"RoutesResolver","level":"info","message":"SeedController {/api/seed} (version: 1):","timestamp":"2026-04-20T22:28:50.765Z"}
{"context":"RouterExplorer","level":"info","message":"Mapped {/api/seed/run, POST} (version: 1) route","timestamp":"2026-04-20T22:28:50.767Z"}
{"context":"AuditLogsStartupHook","level":"info","message":"Audit list API: GET /api/v1/users/admin/audit-logs (admin JWT)","timestamp":"2026-04-20T22:28:50.768Z"}
{"context":"NestApplication","level":"info","message":"Nest application successfully started","timestamp":"2026-04-20T22:28:50.769Z"}
{"context":"Bootstrap","level":"info","message":"Khairat API running on port 3001","timestamp":"2026-04-20T22:28:50.771Z"}
{"context":"Bootstrap","level":"info","message":"Swagger docs: http://localhost:3001/api/docs","timestamp":"2026-04-20T22:28:50.772Z"}
{"context":"Bootstrap","level":"info","message":"Audit logs (admin): GET http://localhost:3001/api/v1/users/admin/audit-logs","timestamp":"2026-04-20T22:28:50.773Z"}
